workId,characterId,cl,isGrp,cGrp,persName,roleDesc,sex,age,profession,normalizedProfession,professionalGroup,socialClass,origin,raceOrEthnicity,accentDialect,relations,normalizedRelation,titles,comments
1,1,1,0,,Gregoire,baigneur,M,,baigneur,,,high,,,,,,,assuming this is the owner of a spa or such
1,2,1,0,,Comte Corniski,diplomate,M,,diplomate,diplomat,government executive,high,,,,,,,
1,3,1,0,,Anatole de Beaupersil,,M,,,,,,,,,,,,
1,4,1,0,,Narcisse,premier garçon au casino,M,,premier garçon,waiter,service and sales,low/mid?,,,,,,,
1,5,1,0,,Baptiste,garçon d'hôtel,M,,garçon d'hôtel,waiter,service and sales,low,,,,,,,
1,6,1,0,,Dupiton,,M,,,,,,,,,,,,
1,7,1,0,,Desablettes,secrétaire du comte,M,,secrétaire du comte,secretary,intermediate professionals,mid,,,,secrétaire(2),secretary(2),,
1,8,1,0,,Un monsieur,,M,,,,,,,,,,,,
1,9,1,0,,Un garçon de bains,,M,,garçon de bains,waiter,elementary professions,low,,,,,,,
1,10,1,0,,Un garçon de café,,M,,garçon de café,waiter,service and sales,low,,,,,,,
1,11,1,0,,Un valet de chambre,,M,,valet de chambre,valet,elementary professions,low,,,,,,,
3,1,1,0,,De Chantelaur,,M,,,,,,,,,,,,
3,2,1,0,,Pinteau,,M,,,,,,,,,,,,
3,3,1,0,,De Morard,,M,,,,,,,,,,,,
3,4,1,0,,Des Vergettes,,M,,,,,,,,,,,,
3,5,1,0,,Un laquais,,M,,laquais,domestic worker,elementary professions,low,,,,,,,
3,6,1,0,,Marquise de Cernois,,F,,,,,,,,,,,marquise,
3,7,1,0,,Hélène de Chantelaur,,F,,,,,,,,,,,,
3,8,1,0,,Renée de Cernois,,F,,,,,,,,,,,,
3,9,1,0,,Julie,,F,,,,,,,,,,,,
4,1,1,0,,Gévaudan,,M,,,,,,,,,,,,
4,2,1,0,,Saint-Galmier,,M,,,,,,,,,,,,
4,3,1,0,,Alfred,,M,,,,,,,,,,,,
4,4,1,0,,Séraphin,,M,,,,,,,,,,,,
4,5,1,0,,Plucheux,,M,,,,,,,,,,,,
4,6,1,0,,Michette,,F,,,,,,,,,,,,
4,7,1,0,,Laure,,F,,,,,,,,,,,,
4,8,1,0,,Rachel,,F,,,,,,,,,,,,
4,9,1,0,,Léonie,,F,,,,,,,,,,,,
4,10,1,0,,Une négresse,,F,,,,,,,black,,,,,
4,11,1,0,,Un groom,,M,,groom,bellboy/domestic worker,elementary professions,low,,,,,,,
4,12,1,0,,Un domestique boîteux,,M,,domestique,domestic worker,elementary professions,low,,,,,,,
4,13,1,0,,Premier domestique,,M,,domestique,domestic worker,elementary professions,low,,,,,,,
4,14,1,0,,le mélodiste,,M,,mélodiste,composer,artists,mid/low,,,,,,,
4,15,1,0,,deuxième domestique,,M,,domestique,domestic worker,elementary professions,low,,,,,,,
4,16,1,0,,un gardien,,M,,gardien,housekeeper,elementary professions,low,,,,,,,
4,17,1,0,,troisième domestique,,M,,domestique,domestic worker,elementary professions,low,,,,,,,
4,18,1,0,,un gardien,,M,,gardien,housekeeper,elementary professions,low,,,,,,,
4,19,0,1,,domestiques,,U,,domestique,domestic worker,elementary professions,low,,,,,,,
5,12,1,0,,Un greffier,,M,,greffier,court clerk,intermediate professionals,mid,,,,,,,
5,13,1,0,,La comtesse Corniska,,F,,,,aristocrats,high,,,,,,comtesse,add an attirbute for nobility title?
5,14,1,0,,La veuve Sillery,,F,,,,,,,,,,,,
5,15,1,0,,Georgina,,F,,,,,,,,,,,,
5,16,1,0,,Annette,,F,,,,,,,,,,,,
5,17,1,0,,Un chasseur,,M,,chasseur,hunter,agriculture,low,,,,,,,should we add an attribute for hobbies? we don't know if professionals or not
5,18,1,0,18-22,Amanda,Cocottes,F,,courtisane,,,,,,,,,,courtisans or not ? 
5,19,1,0,,Castagnette,,F,,,,,,,,,,,,
5,20,1,0,,Cocotte,,F,,,,,,,,,,,,
5,21,1,0,,Cora,,F,,,,,,,,,,,,
5,22,1,0,,Juliette,,F,,,,,,,,,,,,
5,23,1,0,,Une pêcheuse de crevettes,,F,,pêcheuse,fisher,agriculture,low,,,,,,,we don't know if professionals or not
5,24,0,1,,Voyageurs,,M,,,,,,,,,,,,
5,25,0,1,,Voyageuses,,F,,,,,,,,,,,,
5,26,0,1,,Baigneurs,,M,,,,,,,,,,,,
5,27,0,1,,Baigneuses,,F,,,,,,,,,,,,
5,28,0,1,,Pêcheurs,,M,,pêcheur,fisher,agriculture,low,,,,,,,we don't know if professionals or not
5,29,0,1,,Pêcheuses,,F,,pêcheuse,fisher,agriculture,low,,,,,,,we don't know if professionals or not
9,1,1,0,,Le Comte Wallanoff,,M,,,,,,,,,,,comte,
9,2,1,0,,Morisset,,M,,,,,,,,,,,,
9,3,1,0,,Philippe de Géry,,F,,,,,,,,,,,,
9,4,1,0,,Madame de Géry,,F,,,,,,,,,,,,
9,5,1,0,,Valentine,,F,,,,,,,,,,,,
10,1,1,0,,Barillon,,M,,,,,,,,,,,,
10,2,1,0,,Jambart,,M,,,,,,,,,,,,
10,3,1,0,,Brigot,,M,,,,,,,,,,,,
10,4,1,0,,Planturel,,M,,,,,,,,,,,,
10,5,1,0,,Patrice Surcouf,,M,,,,,,,,,,,,
10,6,1,0,,Flamèche,,M,,,,,,,,,,,,
10,7,1,0,,Topeau,,M,,,,,,,,,,,,
10,8,1,0,,Un petit télégraphiste,,M,,télégraphiste,telegraph messenger,service and sales,low,,,,,,,
10,9,1,0,,Madame Jambart,,F,,,,,,,,,,,,
10,10,1,0,,Virginie,,F,,,,,,,,,,,,
10,11,1,0,,Ursule,,F,,,,,,,,,,,,
10,12,0,1,,Témoins,(rôles muets),U,,,,,,,,,,,,
10,13,0,1,,Parents,,B,,,,,,,,,,,,
10,14,0,1,,Invités,,U,,,,,,,,,,,,
12,1,1,0,,Charançon,,M,,,,,,,,,,,,
12,2,1,0,,Samuel,,M,,,,,,,,,,,,
12,3,1,0,,Edouard Lambert,,M,,,,,,,,,,,,
12,4,1,0,,Caponot,,M,,,,,,,,,,,,
12,5,1,0,,Pinçon,,M,,,,,,,,,,,,
12,6,1,0,,Gratin,,M,,,,,,,,,,,,
12,7,1,0,,Le Président,,M,,juge,judge,government executive officials,high,,,,,,,légifrance : Le tribunal correctionnel est composé d'un président et de deux juges.
12,8,1,0,,Baloche,,M,,,,,,,,,,,,
12,9,1,0,,L’huissier,,M,,huissier,court bailiff,government executive officials,high,,,,,,,"TLFi :  DROIT. Officier ministériel ayant pour charge de constater des faits, de signifier les actes de procédure et de mettre à exécution les décisions de justice et les actes authentiques ayant force exécutoire"
12,10,1,0,,Le Concierge,,M,,concierge,housekeeper/concierge,elementary professions,low,,,,,,,"TLFi : HIST. Hommes en armes, soldat faisant partie d'une garde. Garde communal, mobile, national, noble, pontifical, républicain. Ici ""garde municipal"""
12,11,1,0,,Premier garde,,M,,garde,guard,police/military,?,,,,,,,"TLFi : HIST. Hommes en armes, soldat faisant partie d'une garde. Garde communal, mobile, national, noble, pontifical, républicain. Ici ""garde municipal"""
12,12,1,0,,Deuxième garde,,M,,garde,guard,police/military,?,,,,,,,
12,13,1,0,,Ugène,,M,,,,,,,,,,,,
12,14,1,0,,Un accusé,,M,,,,,,,,,,,,
12,15,1,0,,Le greffier,,M,,greffier,court clerk,government executive officials/intermediate professionals,high/mid,,,,,,,intermediate professionals or government executives ? 
12,16,1,0,,Gabrielle,,F,,,,,,,,,,,,
12,17,1,0,,Miranda,,F,,,,,,,,,,,,
15,1,1,0,,Gavaut,,M,,,,,,,,,,,,
15,2,1,0,,Minard,,M,,,,,,,,,,,,
15,3,1,0,,Théodore,,M,,,,,,,,,,,,
15,4,1,0,,Térence Plumault,,M,,,,,,,,,,,,
15,5,1,0,,Mme Minard (Elvire),,F,,,,,,,,,,,,
15,6,1,0,6-8,Angèle,filles de Gavaut,F,,,,,,,,,fille(1),daughter(1),,
15,7,1,0,,Céleste,,F,,,,,,,,,fille(1),daughter(1),,
15,8,1,0,,Colombe,,F,,,,,,,,,fille(1),daughter(1),,
15,9,1,0,,Toinette,,F,,,,,,,,,,,,
15,10,1,0,,Un gendarme,personnage muet,M,,gendarme,police officer,police,low,,,,,,,
16,1,1,0,,Pontérisson,,M,,,,,,,,,,,,
16,2,1,0,,Borromée,valet de chambre de Pontérisson,M,,valet de chambre,,,,,,,,,,
16,3,1,0,,Oscar de Villecresnes,avocat,M,,avocat,lawyer,"professionals, scientific, technical",high,,,,,,,
16,4,1,0,,Birochet,aubergiste,M,,aubergiste,innkeeper,service and sales,mid,,,,,,,
16,5,1,0,,Alaric de Fauquemberghes,agent matrimonial,M,,entremetteur/marieur,matchmaker,service and sales,?,,,,,,,
16,6,1,0,,Un facteur,,M,,,,,,,,,,,,
16,7,1,0,,Lucrèce,femme de Pontérisson,F,,,,,,,,,femme(1),wife(1),,
16,8,1,0,,Aménaïde,femme de Birochet,F,,,,,,,,,femme(4),wife(4),,
16,9,1,0,9-12,Cadissette,servantes de l'hôtel du Cadran vert,F,,servante,domestic worker,elementary professions,low,,,,,,,
16,10,1,0,,Mélie,,F,,servante,domestic worker,elementary professions,low,,,,,,,
16,11,1,0,,Manda,,F,,servante,domestic worker,elementary professions,low,,,,,,,
16,12,1,0,,Fanchette,,F,,servante,domestic worker,elementary professions,low,,,,,,,
16,13,0,1,,Pompiers,,M,,pompier,firefighter,government executive officials,low,,,,,,,
16,14,0,1,,Paysans,,M,,paysan,farmer,agriculture,low,,,,,,,
16,15,0,1,,Paysannes,,F,,paysan,farmer,agriculture,low,,,,,,,
17,1,1,0,,Champanet,,M,,,,,,,,,,,,
17,2,1,0,,Grimoine,,M,,,,,,,,,,,,
17,3,1,0,,Jules Carpiquel,,M,,,,,,,,,,,,
17,4,1,0,,Don Stéfano Ruy Gomar,,M,,,,,,,,,,,,
17,5,1,0,,Joseph,,M,,,,,,,,,,,,
17,6,1,0,,Céleste,femme de Champanet,F,,femme de chambre,housemaid,elementary professions,low,,,,femme(1),wife(1),,
17,7,1,0,,Elmire,femme de Grimoine,F,,,,,,,,,femme(2),wife(2),,
17,8,1,0,,Cécile,nièce de Champanet,F,,,,,,,,,nièce(1),niece(1),,
17,9,1,0,,Olympia,modiste,F,,modiste,milliner,crafts,?,,,,,,,
17,10,1,0,,Justine,,F,,,,,,,,,,,,
17,11,1,0,,Le Trottin de la modiste,,M,,trottin/coursier,messenger,elementary professions,low,,,,,,,"TLFi : Trottin : Vieilli. Coursier, commissionnaire d'un magasin, d'un atelier."
18,1,1,0,,Champagnolles,notaire,M,,notaire,notary,"professionals, scientific, technical",high,,,,,,,
18,2,1,0,,Valtoret,avocat,M,,avocat,lawyer,"professionals, scientific, technical",high,,,,,,,
18,3,1,0,,Clodomir,peintre,M,,peintre,painter,artists,mid,,,,,,,
18,4,1,0,,Godoncourt,,M,,,,,,,,,,,,
18,5,1,0,,Le Baron des Gouttières,,M,,,,,,,,,,,baron,
18,6,1,0,,Isabeau Chapagnolles,,F,,,,,,,,,,,,
18,7,1,0,,Charlotte Valtoret,,F,,,,,,,,,,,,
18,8,1,0,,Hermangarde de la Bachellerie,,F,,,,,,,,,,,,
18,9,1,0,,Rosalie,,F,,,,,,,,,,,,
18,10,1,0,,Georgette,,F,,,,,,,,,,,,
19,1,1,0,,Alphonse Marjavel,,M,,,,,,,,,,,,
19,2,1,0,,Krampach,,M,,,,,,,,,,,,
19,3,1,0,,Jobelin,,M,,,,,,,,,,,,
19,4,1,0,,Ernest Jobelin,,M,,,,,,,,,,,,
19,5,1,0,,Hermance,,F,,,,,,,,,,,,
19,6,1,0,,Berthe,,F,,,,,,,,,,,,
19,7,1,0,,Pétunia,,F,,,,,,,,,,,,
19,8,1,0,,Lisbeth,,F,,,,,,,,,,,,
20,1,1,0,,Lavignac,,M,,,,,,,,,,,,
20,2,1,0,,Grenoux,,M,,,,,,,,,,,,
20,3,1,0,,Alcide,,M,,,,,,,,,,,,
20,4,1,0,,Marthe,,F,,,,,,,,,,,,
21,1,1,0,,Panazol,,M,,,,,,,,,,,,
21,2,1,0,,Malissard,,M,,,,,,,,,,,,
21,3,1,0,,Saint-Chinon,,M,,,,,,,,,,,,
21,4,1,0,,Georgette,,F,,,,,,,,,,,,
22,1,1,0,,M. de Brémont,ancien colonel,M,,ancien colonel,colonel,military,,,,,,,,
22,2,1,0,,Léon ,son neveu,M,,,,,,,,,neveu(1),nephew(1),,
22,3,1,0,,Albert de Préval,,M,,,,,,,,,,,,
22,4,1,0,,Louise,nièce de Brémont,F,,,,,,,,,nièce(1),niece(1),,
22,5,1,0,,Rose,soubrette,F,,soubrette,housemaid,elementary professions,low,,,,,,,
25,1,1,0,,Landremol,"soldat, 25 ans",M,25,soldat,soldier,military,?,,,,,,,
25,2,1,0,,Tavernier,"capitaine d'infanterie, 35 ans",M,35,capitaine d'infanterie,captain,military,mid,,,,,,,
25,3,1,0,,Irma Tavernier,,F,,,,,,,,,,,,
25,4,1,0,,Charlotte,femme de chambre,F,,femme de chambre,housemaid,elementary professions,low,,,,,,,
25,1,1,0,,Beaubuisson,,M,,,,,,,,,,,,
25,2,1,0,,Georges Duménil,,M,,,,,,,,,,,,
25,3,1,0,,Paul Aubier,,M,,,,,,,,,,,,
25,4,1,0,,Henri,,M,,,,,,,,,,,,
25,5,1,0,,Philippe,,M,,,,,,,,,,,,
25,6,1,0,,Germain,,M,,,,,,,,,,,,
25,7,1,0,,1e Garçon,,M,,garçon,waiter,service and sales,low,,,,,,,
25,8,1,0,,2e Garçon,,M,,garçon,waiter,service and sales,low,,,,,,,
25,9,1,0,,Marguerite,femme de Georges,F,,,,,,,,,femme(6),wife(6),,
25,10,1,0,,Angèle,femme de Paul,F,,,,,,,,,femme(3),wife(3),,
25,11,1,0,,Mme Beaubuisson,,F,,,,,,,,,,,,
25,12,1,0,,Hortense,femme de chambre,F,,femme de chambre,housemaid,elementary professions,low,,,,,,,
25,13,1,0,,Fœdora,,F,,,,,,,,,,,,
27,1,1,0,,Duperron,,M,,,,,,,,,,,,
27,2,1,0,,Mathieu,,M,,,,,,,,,,,,
27,3,1,0,,Valaury,,M,,,,,,,,,,,,
27,4,1,0,,François,,M,,,,,,,,,,,,
27,5,1,0,,Letellier,,M,,,,,,,,,,,,
27,6,1,0,,Pitel,,M,,,,,,,,,,,,
27,7,1,0,,Un commissionnaire,,M,,commissionnaire,commission agent,intermediate professionals,mid,,,,,,,"TLFi : DR. COMM. Intermédiaire qui fait, en son nom personnel et moyennant une commission*, des opérations pour le compte d'un commerçant."
27,8,1,0,,Valentine,,F,,,,,,,,,,,,
27,9,1,0,,Angèle,,F,,,,,,,,,,,,
27,10,1,0,,Joséphine,,F,,,,,,,,,,,,
27,11,1,0,,Rosalie,,F,,,,,,,,,,,,
28,1,1,0,,Henri Duval,,M,,,,,,,,,,,,
28,2,1,0,,Bourganeuf,,M,,,,,,,,,,,,
28,3,1,0,,Champeaux,,M,,,,,,,,,,,,
28,4,1,0,,Corbulon,,M,,,,,,,,,,,,
28,5,1,0,,Un paysan,,M,,,,,,,,,,,,
28,6,1,0,,Un commissionnaire,,M,,commissionnaire,commission agent,intermediate professionals,mid,,,,,,,"TLFi : DR. COMM. Intermédiaire qui fait, en son nom personnel et moyennant une commission*, des opérations pour le compte d'un commerçant."
28,7,1,0,,Madame Bonivard,,F,,,,,,,,,,,,
28,8,1,0,,Diane,,F,,,,,,,,,,,,
28,9,1,0,,Gabrielle,,F,,,,,,,,,,,,
28,10,1,0,,Victoire,,F,,,,,,,,,,,,
28,11,1,0,,Mariette,,F,,,,,,,,,,,,
30,1,1,0,,Paul Jolimont,35 ans,M,35,,,,,,,,,,,
30,2,1,0,,Poulsom,46 ans,M,46,,,,,,,,,,,
30,3,1,0,,Baligan,44 ans,M,44,,,,,,,,,,,
30,4,1,0,,Magloire,40 ans,M,40,,,,,,,,,,,
30,5,1,0,,Val-Pluchet,28 ans,M,28,,,,,,,,,,,
30,6,1,0,,Pivoteau,60 ans,M,60,,,,,,,,,,,
30,7,1,0,,Justin,,M,,,,,,,,,,,,
30,8,1,0,,Edith Harrisson,29 ans,F,29,,,,,,,,,,,
30,9,1,0,,Madame Lobardet,51 ans,F,51,,,,,,,,,,,
30,10,1,0,,Louise,"femme de Paul, 25 ans",F,25,,,,,,,,femme(1),wife(1),,
30,11,1,0,,Sophie,28 ans,F,28,,,,,,,,,,,
35,1,1,0,,Agathe,,F,,,,,,,,,,,,
35,2,1,0,,Olympia,,F,,,,,,,,,,,,
35,3,1,0,,Mme Mozambique,,F,,,,,,,,,,,,
35,4,1,0,,Mme Pichard,,F,,,,,,,,,,,,
35,5,1,0,,Pontarcy,,M,,,,,,,,,,,,
35,6,1,0,,Pichard,,M,,,,,,,,,,,,
35,7,1,0,,Sigismond,,M,,,,,,,,,,,,
35,8,1,0,,Blackson,,M,,,,,,,,,,,,
35,9,1,0,,Athénaïs,,F,,,,,,,,,,,,
35,10,1,0,,Aline,,F,,,,,,,,,,,,
35,11,1,0,,Palmyre,,F,,,,,,,,,,,,
35,12,1,0,,Auguste,,M,,,,,,,,,,,,
35,13,1,0,,Emile,,M,,,,,,,,,,,,
35,14,1,0,,Sterling,,M,,,,,,,,,,,,
36,1,1,0,,Godin,fabricant de bouchons de liège,M,,fabricant de bouchons de liège,?,crafts,mid,,,,,,,
36,2,1,0,,Juglar,ex-adjudant de cuirassiers,M,,ex-adjudant de cuirassiers/retraité,?,military/retired,?,,,,,,,
36,3,1,0,,Rebiffé,substitut,M,,substitut/Procureur de la République,prosecutor,government executive officials,mid,,,,,,,"TLFi : Substitut ""Membre du Ministère public chargé de suppléer ou de remplacer le Procureur de la République"""
36,4,1,0,,Le vicomte de l'Estrapade,,M,,,,,,,,,,,vicomte,
36,5,1,0,,Prosper Maléchard,,M,,,,,,,,,,,,
36,6,1,0,,Séraphin,vieux commis,M,,commis,hand,elementary professions,low,,,,,,,
36,7,1,0,,Un inspecteur,,M,,inspecteur,police officer,police,mid,,,,,,,
36,8,1,0,,Un gardien de la paix,,M,,policier,police officer,police,mid,,,,,,,
36,9,1,0,,Un passager,,M,,,,,,,,,,,,
36,10,1,0,,Un employé,,F,,employé,?,?,?,,,,,,,
36,11,1,0,,Fanny Bilbock,,F,,,,,,,,,,,,
36,12,1,0,,Madame Maléchard,,F,,,,,,,,,,,,
36,13,1,0,13-15,Céleste,fille de M. Godin,F,,,,,,,,,fille(1),daughter(1),,
36,14,1,0,,Jeanne,,F,,,,,,,,,fille(1),daughter(1),,
36,15,1,0,,Césarine,,F,,,,,,,,,fille(1),daughter(1),,
36,16,1,0,,Clapotte,domestique,U,,domestique,domestic worker,elementary professions,low,,,,,,,
36,17,1,0,17-19,Léon,jeune commis,M,,commis,hand,elementary professions,low,,,,,,,
36,18,1,0,,Jules,,M,,commis,hand,elementary professions,low,,,,,,,
36,19,1,0,,Félicien,,M,,commis,hand,elementary professions,low,,,,,,,
36,20,1,0,,Une passagère,,F,,,,,,,,,,,,
38,1,1,0,,Coquardier,,M,,,,,,,,,,,,
38,2,1,0,,Albert Durand,épicier en gros,M,,épicier en gros,grocer,service and sales,mid,,,,,,,
38,3,1,0,,Albert Durand,"avocat célèbre, son cousin",M,,avocat,lawyer,"professionals, scientific, technical",high,,,,,,,
38,4,1,0,,Javanon,,M,,,,,,,,,,,,
38,5,1,0,,Barbatier,huissier,M,,huissier,court bailiff,government executive officials,high,,,,,,,"huissier de justice ""Officier ministériel"""
38,6,1,0,,Charvet,domestique,M,,domestique,domestic worker,elementary professions,low,,,,,,,
38,7,1,0,,Théodore,garçon épicier,M,,garçon d'épicerie,hand (grocery),elementary professions,low,,,,,,,
38,8,1,0,,Mme de la Haute-Tourelle,,F,,,,,,,,,,,,
38,9,1,0,,Paquerette,,F,,,,,,,,,,,,
38,10,1,0,,Louise,"fille de Coquardier, femme d'Albert",F,,,,,,,,,fille(1);femme(2/3),daughter(1);wife(2/3),,misunderstanding about which Albert she marries on purposeful 
38,11,1,0,,Clarisse,bonne,F,,bonne,housemaid,elementary professions,low,,,,,,,
38,12,1,0,,Irma,fille de Mme de la Haute-Tourelle,F,,,,,,,,,fille(8),daughter(8),,
39,1,1,0,,Langlumier,,M,,,,,,,,,,,,
39,1,1,0,,Jacques des Eglantiers,,M,,,,,,,,,,,,
39,2,1,0,,Biscarel,,M,,,,,,,,,,,,
39,3,1,0,,Henri de Précardin,,M,,,,,,,,,,,,
39,4,1,0,,Baptiste,,M,,,,,,,,,,,,
39,5,1,0,,Marthe,,F,,,,,,,,,,,,
39,6,1,0,,Joséphine,,F,,,,,,,,,,,,
39,7,1,0,,Juliette,,F,,,,,,,,,,,,
39,8,1,0,,Angèle,,F,,,,,,,,,,,,
39,9,1,0,,Jeanne,,F,,,,,,,,,,,,
42,1,1,0,,Edgard Dupraillon,,M,,,,,,,,,,,,
42,2,1,0,,Eugène Silvestre,,M,,,,,,,,,,,,
42,3,1,0,,Adolphe Témidart,,M,,,,,,,,,,,,
42,4,1,0,,Paul d'Hervey,,M,,,,,,,,,,,,
42,5,1,0,,Baptiste,,M,,,,,,,,,,,,
42,6,1,0,,Isabelle,,F,,,,,,,,,,,,
42,7,1,0,,Lucie,,F,,,,,,,,,,,,
42,8,1,0,,Annette,,F,,,,,,,,,,,,
46,1,1,0,,Lucien Morange,30 ans,M,30,,,,,,,,,,,
46,2,1,0,,Labourdette,60 ans,M,60,,,,,,,,,,,
46,3,1,0,,Chambollier,58 ans,M,58,,,,,,,,,,,
46,4,1,0,,Jules Savignac,22 ans,M,22,,,,,,,,,,,
46,5,1,0,,Rose,30 ans,F,30,,,,,,,,,,,
46,6,1,0,,Émilie,18 ans,F,18,,,,,,,,,,,
46,7,1,0,,Marthe,17 ans,F,17,,,,,,,,,,,
46,8,1,0,,Marie,femme de chambre,F,,femme de chambre,housemaid,elementary professions,low,,,,,,,
52,1,1,0,,Le Baron de Fourchevif,,M,,,,aristocrats,high,,,,,,baron,add an attirbute for nobility title?
52,2,1,0,,Etienne Lambert,peintre,M,,peintre,painter,artists,mid,,,,,,,artists as professional group?
52,3,1,0,,Rouquérolle,peintre,M,,peintre,painter,artists,mid,,,,,,,artists as professional group?
52,4,1,0,,Tronquoy,domestique,M,,domestique,domestic worker,elementary professions,low,,,,,,,
52,5,1,0,,La Baronne de Fourchevif,,F,,,,aristocrats,high,,,,,,baronne,add an attirbute for nobility title?
52,6,1,0,,Adèle,sa fille,F,,,,,high,,,,fille(1-5),daughter(1-5),,
53,1,1,0,,Ginginet,,M,,,,,,,,,,,,
53,2,1,0,,Tapiou,,M,,,,,,,,,,,,
53,3,1,0,,Bernardon,,M,,,,,,,,,,,,
53,4,1,0,,Jules Mésanges,,M,,,,,,,,,,,,
53,5,1,0,,Lucien Faillard,,M,,,,,,,,,,,,
53,6,1,0,,Courtevoil,,M,,,,,,,,,,,,
53,7,1,0,,Colombe,cuisinière,M,,cuisinière,cook,service and sales,mid,,,,,,,
53,8,1,0,,Premier chef de gare,à Paris,M,,chef de gare,station manager,industry and transportation,mid,,,,,,,
53,9,1,0,,Deuxième chef de gare,,M,,chef de gare,station manager,industry and transportation,mid,,,,,,,
53,10,1,0,,Troisième chef de gare,station de Croupenbach,M,,chef de gare,station manager,industry and transportation,mid,,,,,,,
53,11,1,0,,Un chef de buffet,,M,,cuisinier,cook,service and sales,mid,,,,,,,"TLFi : ""voiture-buffet.  Voiture de chemin de fer aménagée pour le service de restauration rapide."""
53,12,1,0,,Un photographe,,M,,photographe,photographer,intermediate professionals/artists,mid,,,,,,,pê artists
53,13,1,0,,Clémence,femme de Ginginet,F,,,,,,,,,femme(1),wife(1),,
53,14,1,0,,Miss Jenny,"jeune Anglaise, nièce de Ginginet",F,,,,,,England,,,nièce(1),niece(1),,
53,15,1,0,,Pauline,,F,,,,,,,,,,,,
53,16,1,0,,Une Nourrice,,F,,nourrice,nanny,elementary professions,low,,,,,,,
53,17,1,0,,Une Bonne,,F,,bonne,housemaid,elementary professions,low,,,,,,,
53,18,1,0,,Une Demoiselle de comptoir,,F,,demoiselle de comptoir,waitress,service and sales,low,,,,,,,
53,19,0,1,,Actionnaires,,U,,?,,,,,,,,,actionnaire ,un titre/fonction plutôt qu'une profession
53,20,0,1,,Voyageurs,,M,,,,,,,,,,,,
53,21,0,1,,Voyageuses,,F,,,,,,,,,,,,
53,22,0,1,,Employés,,U,,employé,employee,?,?,,,,,,,employee is v vague
54,1,1,0,,Agénor Borel,chimiste,M,,chimiste,,"professionals, scientific, technical",high,,,,,,,
54,2,1,0,,Bénévent,père de madame Raby,M,,,,,,,,,père(5),father(5),,
54,3,1,0,,Chapuis,homme d'affaires,M,,homme d'affaires,,service and sales,mid,,,,,,,
54,4,1,0,,Pierre,jardinier,M,,jardinier,,agriculture,low,,,,,,,
54,5,1,0,,Madame Raby,,F,,,,,,,,,,,,
54,6,1,0,,Madame Bénévent,,F,,,,,,,,,,,,
55,1,1,0,,De Vancouver,,M,,,,,,,,,,,,
55,2,1,0,,Dardenbœuf,prétendu d'Isménie,M,,,,,,,,,,,,
55,3,1,0,,Galathée,sœur de Vancouver,F,,,,,,,,,,,,
55,4,1,0,,Isménie,fille de Vancouver (24 ans),F,24,,,,,,,,,,,
55,5,1,0,,Chiquette,bonne,F,,bonne,housemaid,elementary professions,low,,,,,,,
56,1,1,0,,Thibaudier,,M,,,,,,,,,,,,
56,2,1,0,,Jules Frémissin,,M,,,,,,,,,,,,
56,3,1,0,,Anatole Garadoux,,M,,,,,,,,,,,,
56,4,1,0,,Cécile,fille de Thibaudier,F,,,,,,,,,fille(1),daughter(1),,
56,5,1,0,,Annette,femme de chambre,F,,femme de chambre,housemaid,elementary professions,low,,,,,,,
57,1,1,0,,Le Marquis de Manicamp,,M,,,,aristocrats,high,,,,,,marquis,
57,2,1,0,,Le Vicomte de Chatenay,,M,,,,aristocrats,high,,,,,,vicomte/viscount,
57,3,1,0,,Le Chevalier de Folleville,,M,,,,aristocrats,high,,,,,,chevalier/knight,
57,4,1,0,,Berthe,fille de Manicamp,,,,,,high,,,,fille(1),daughter(1),,
57,5,1,0,,Un Chambellan du prince de Conti,,M,,,chamberlain,government executives,mid,,,,,,,
57,6,0,1,,Domestiques,,U,,domestique,domestic worker,elementary professions,low,,,,,,,
58,1,1,0,,Antony,garçon chez Véry,M,,domestique,domestic worker,elementary professions,low,,,,,,,"garçon ici ""homme à tout faire/domestique"""
58,2,1,0,,Anatole Galimard,rentier,M,,rentier,,rentiers,high,,,,,,,
58,3,1,0,,Alexandre,officier de spahis,M,,officier,officer,military,mid,,,,,,,"spahi : ""Cavalier des corps auxiliaires indigènes de l'armée française en Afrique du Nord, recrutés d'abord en Algérie et par la suite en Tunisie et au Maroc."" TLFi"
58,4,1,0,,Madame Galimard,,F,,,,,high,,,,,,,
59,1,1,0,,Montaudoin,,M,,,,,,,,,,,,
59,2,1,0,,Pénuri,,M,,,,,,,,,,,,
59,3,1,0,,Isidore,,M,,,,,,,,,,,,
59,4,1,0,,Lemartois,notaire,M,,notaire,notary,"professionals, scientific, technical",high,,,,,,,
59,5,1,0,,Madame Nisida Montaudoin,,F,,,,,,,,,,,,
59,6,1,0,,Fernande,sa fille,F,,,,,,,,,fille(5),daughter(5),,
59,7,1,0,,Joséphine,bonne,F,,bonne,housemaid,elementary professions,low,,,,,,,
59,8,0,1,,Invités des deux sexes,,B,,,,,,,,,,,,
60,1,1,0,,Lenglumé,,M,,,,,,,,,,,,
60,2,1,0,,Mistingue,,M,,,,,,,,,,,,
60,3,1,0,,Potard,cousin de Lenglumé,M,,,,,,,,,cousin(1),cousin(1),,
60,4,1,0,,Justin,domestique de Lenglumé,M,,domestique,domestic worker,elementary professions,low,,,,domestique(1),domestic worker(1),,
60,5,1,0,,Norine,femme de Lenglumé,F,,,,,,,,,femme(1),wife(1),,
61,1,1,0,,Dardard,,M,,,,,,,,,,,,
61,2,1,0,,Pontbichet,,M,,,,,,,,,,,,
61,3,1,0,,Colardeau,,M,,,,,,,,,,,,
62,1,1,0,,Fadinard,rentier,M,,rentier,,rentiers,high,,,,,,,
62,2,1,0,,Nonancourt,pépinièriste,M,,pépinièriste,nursery owner,?,?,,,,,,,"pr: maybe we need a category for education and one for health professions (but now there is one close to parts of education and health with ""professionals, scientific, technical"")"
62,3,1,0,,Beauperthuis,,M,,,,,,,,,,,,
62,4,1,0,,Vézinet,sourd,M,,,,,,,,,,,,
62,5,1,0,,Tardiveau,teneur de livres,M,,teneur de livres,bookkeeper,intermediate professionals,mid,,,,,,,
62,6,1,0,,Bobin,neveu de Nonancourt,M,,,,,,,,,,,,
62,7,1,0,,Émile Tavernier,lieutenant,M,,lieutenant,lieutenant,military,high/mid,,,,,,,
62,8,1,0,,Félix,domestique de Fadinard,M,,domestique,domestic worker,elementary professions,low,,,,,,,
62,9,1,0,,Achille de Rosalda,jeune lion,M,,,,,,,,,,,,"""Jeune homme élégant, qui vit dans le luxe et l'oisiveté."" TLFi"
62,10,1,0,,Hélène,fille de Nonancourt,F,,,,,,,,,fille(2),daughter(2),,
62,11,1,0,,Anaïs,femme de Beauperthuis,F,,,,,,,,,femme(3),wife(3),,
62,12,1,0,,La Baronne de Champigny,,F,,,,,,,,,,,,
62,13,1,0,,Clara,modiste,F,,modiste,milliner,crafts,?,,,,,,,
62,14,1,0,,Virginie,bonne chez Beauperthuis,F,,bonne,housemaid,elementary professions,low,,,,,,,
62,15,1,0,,Une femme de chambre de la Baronne,,F,,femme de chambre,housemaid,elementary professions,low,,,,femme de chambre(12),housemaid(12),,
62,16,1,0,,Un caporal,,M,,caporal,caporal,military,mid,,,,,,,
62,17,1,0,,Un domestique,,M,,domestique,domestic worker,elementary professions,low,,,,,,,
62,18,0,1,,Invités des deux sexes - Gens de la noces,,B,,,,,,,,,,,,
63,1,1,0,,Chiffonnet,rentier,M,,rentier,,rentiers,high,,,,,,,
63,2,1,0,,Machavoine,"auvergnat, porteur d'eau",M,,porteur d'eau,water carrier,elementary professions,low,Auvergne,,,,,,
63,3,1,0,,Coquenard,ami de Chiffonnet,M,,,,,,,,,ami(1),friend(1),,
63,4,1,0,,Madame Coquenard,,F,,,,,,,,,,,,
63,5,1,0,,Prunette,,F,,,,,,,,,,,,
63,6,0,1,,Invités,,U,,,,,,,,,,,,
63,7,0,1,,Deux domestiques,,U,,domestique,domestic worker,elementary professions,low,,,,,,,
63,8,0,1,,Personnages muets,,U,,,,,,,,,,,,
64,1,1,0,,Prosper Faribol,musicien,M,,musicien,musician,artists,?,,,,,,,
64,2,1,0,,Léopardin,flûte,M,,musicien,musician,artists,?,,,,,,,
64,3,1,0,,Papavert,ancien officier de santé,M,,médecin?/retraité,doctor?/retired?,"professionals, scientific, technical",?,,,,,,,"officier de santé : ""Officier de santé (de 1803 à 1892).Fin de l'objet 1 de la requête (Syntagme défini) Personne autorisée à exercer la médecine sans être munie d'un diplôme de docteur en médecine. "" TLFi"
64,4,1,0,,Paul de Saint-Gluten,,M,,,,,,,,,,,,
64,5,1,0,,Lucien,garçon de café,M,,serveur,waiter,service and sales,low,,,,,,,
64,6,1,0,,Alexandra,femme de Faribol,F,,,,,?,,,,femme(1),wife(1),,
64,7,1,0,,Corinne,femme de Papavert,F,,,,,?,,,,femme(3),wife(3),,
64,8,1,0,,Françoise,bonne d'Alexandra,F,,bonne,housemaid,elementary professions,low,,,,bonne(6),housemaid(6),,
64,9,1,0,,Premier clerc de notaire,,M,,clerc de notaire,clerk,intermediate professionals,mid,,,,,,,
64,10,1,0,,Deuxième clerc,,M,,clerc de notaire,clerk,intermediate professionals,mid,,,,,,,
64,11,1,0,,Troisième clerc,,M,,clerc de notaire,clerk,intermediate professionals,mid,,,,,,,
64,12,1,0,,Quatrième clerc,,M,,clerc de notaire,clerk,intermediate professionals,mid,,,,,,,
64,13,1,0,,Un habitué du café,,M,,,,,,,,,,,,
64,14,0,1,,Invités des deux sexes,,B,,,,,,,,,,,,
65,1,1,0,,Paul Tacarel,,M,,,,,,,,,,,,
65,2,1,0,,Letrinquier,rentier,M,,rentier,,rentiers,high,,,,,,,
65,3,1,0,,Théodore Garambois,employé au télégraphe,M,,employé au télégraphe,employee,intermediate professionals,mid,,,,,,,employé is v vague
65,4,1,0,,Arsène,domestique,M,,domestique,domestic worker,elementary professions,low,,,,,,,
65,5,1,0,,Dourozoir,vieil employé,M,,employé,employee,?,?,,,,,,,employé is v vague
65,6,1,0,,Madame Champbaudet,veuve (47 ans),F,47,,,,,,,,,,,
65,7,1,0,,Nina Letrinquier,sœur de Letrinquier,F,,,,,,,,,sœur(2),sister(2),,
65,8,1,0,,Caroline,fille de Letrinquier,F,,,,,,,,,fille(2),daughter(2),,
65,9,1,0,,Victoire,bonne,F,,bonne,housemaid,elementary professions,low,,,,,,,
65,10,1,0,,Une dame voilée,,F,,,,,,,,,,,,
65,11,0,1,,Invités,,U,,,,,,,,,,,,
66,1,1,0,,François Caboussat,ancien négociant,M,,négociant/retraité,merchant/retired,service and sales,mid,,,,,,,
66,2,1,0,,Poitrinas,président de l'Académie d'Étampes,M,,,,,,,,,,,président de l'Académie d'Étampes,titre ? 
66,3,1,0,,Machut,vétérinaire,M,,vétérinaire,veterinary,"professionals, scientific, technical",mid,,,,,,,
66,4,1,0,,Jean,domestique de Caboussat,M,,domestique,domestic worker,elementary professions,low,,,,domestique(1),domestic worker(1),,
66,5,1,0,,Blanche,fille de Caboussat,F,,,,,,,,,fille(1),daughter(1),,
67,1,1,0,,Pomadour,,M,,,,,,,,,,,,
67,2,1,0,,M. Adolphe,,M,,,,,,,,,,,,
67,3,1,0,,Courtin,,M,,,,,,,,,,,,
67,4,1,0,,Piget,,M,,,,,,,,,,,,
67,5,1,0,,Thomas,jardinier,M,,jardinier,gardener,agriculture,low,,,,,,,
67,6,1,0,,Madame Pomadour,,F,,,,,,,,,,,,
68,1,1,0,,Eusèbe Potasse,,M,,,,,,,,,,,,
68,2,1,0,,Jean des Arcis,,M,,,,,,,,,,,,
68,3,1,0,,Sir Richard Gladiator,,M,,,,,,GB,,,,,,"origin GB bc ""Sir"""
68,4,1,0,,Pepitt,,M,,,,,,,,,,,,
68,5,1,0,,Gredane,dentiste,M,,dentiste,dentist,"professionals, scientific, technical",mid/high?,,,,,,,
68,6,1,0,,Bigouret,pharmacien,M,,pharmacien,pharmacist,"professionals, scientific, technical",mid/high?,,,,,,,
68,7,1,0,,Adolphe,coiffeur,M,,coiffeur,hairdresser,crafts,mid,,,,,,,
68,8,1,0,,Un nègre,,M,,,,,,,black,,,,,
68,9,1,0,,Un spectateur,,M,,,,,,,,,,,,
68,10,1,0,,Un garçon de café,,M,,garçon de café,waiter,service and sales,low,,,,,,,
68,11,1,0,,Un marchand de billets,,M,,marchand de billets,merchant,service and sales,low,,,,,,,
68,12,1,0,,Suzanne de la Bondrée,,F,,,,,,,,,,,,
68,13,1,0,,Madame Gredane,,F,,,,,,,,,,,,
68,14,1,0,,Bathilde,,F,,,,,,,,,,,,
68,15,1,0,,Agnès de Rosenval,,F,,,,,,,,,,,,
68,16,1,0,,Juliette,femme de chambre de Suzanne,F,,femme de chambre,housemaid,elementary professions,low,,,,femme de chambre(12),housemaid(12),,
68,17,1,0,,Blanquette,femme de chambre de madame Gredane,F,,femme de chambre,housemaid,elementary professions,low,,,,femme de chambre(13),housemaid(13),,
68,18,0,1,,Invités des deux sexes,,B,,,,,,,,,,,,
69,1,1,0,,Cravachon,,M,,,,,,,,,,,,
69,2,1,0,,Dervière,,M,,,,,,,,,,,,
69,3,1,0,,Antonin,domestique de Cravachon,M,,domestique,domestic worker,elementary professions,low,,,,domestique(1),domestic worker(1),,
69,4,1,0,,Olympe,fille de Cravachon,F,,,,,,,,,fille(1),daughter(1),,
69,5,1,0,,Amélie,amie de pension d'Olympe (rôle travesti),F,,,,,,,,,amie(4),friend(4),,"""rôle travesti"" even though actor listed is a woman..."
69,6,1,0,,Un notaire,,M,,,,,,,,,,,,
70,1,1,0,,Grandier,avocat,M,50,avocat,lawyer,"professionals, scientific, technical",high,,,,,,,
70,2,1,0,,Blésinet,avocat,M,28,avocat,lawyer,"professionals, scientific, technical",high,,,,,,,
70,3,1,0,,Brisard,avocat,M,35,avocat,lawyer,"professionals, scientific, technical",high,,,,,,,
70,4,1,0,,Coquardeau,avocat,M,35,avocat,lawyer,"professionals, scientific, technical",high,,,,,,,
70,5,1,0,,Armand Valière,rentier,M,30,rentier,,rentiers,high,,,,,,,
70,6,1,0,,Pitou,paysan normand,M,,paysan,farmer,agriculture,low,Normandy,,,,,,
70,7,1,0,,Un gendarme,,M,,gendarme,police officer,police,low,,,,,,,
70,8,1,0,,Estelle,femme de Valière,F,22,,,,high,,,,femme(5),wife(5),,
70,9,1,0,,Henriette,femme de chambre,F,,femme de chambre,housemaid,elementary professions,low,,,,,,,
70,10,0,1,,Plaideurs,,M,,,,,,,,,,,,
70,11,0,1,,Plaideuses,,F,,,,,,,,,,,,
70,12,1,0,,Un domestique de Grandier,,M,,,,elementary professions,low,,,,domestique(1),domestic worker(1,,
70,13,1,0,,Un domestique de Valière,,M,,,,elementary professions,low,,,,domestique(5),domestic worker(5,,
71,1,1,0,,Morin,marchand de nouveautés,M,,marchand de nouveautés,merchant,service and sales,mid,,,,,,,
71,2,1,0,,Mme Morin,,F,,,,,mid,,,,,,,
71,3,1,0,,Casimir,leur fils,M,,,,,,,,,fils(1-2),son(1-2),,
71,4,1,0,,Clotilde,leur fille,F,,,,,,,,,fille(1-2),daughter(1-2),,
71,5,1,0,,Léonce,marquis de Berny,M,,,,aristocrats,?,,,,,,marquis,nobility title
71,6,1,0,,Bourdonnet,"ami de Morin, layetier-emballeur",M,,layetier-emballeur,,crafts,mid,,,,ami(1),friend(1),,
71,7,1,0,,Rosine,employée chez Morin,F,,employée,,elementary professions,low,,,,employée(1),employee(1),,
71,8,1,0,,Cliquot,petit commis chez Morin,M,,petit commis,hand,elementary professions,low,,,,petit commis(1),hand(1),,
71,9,1,0,,Montorgueil,négociant,M,,négociant,merchant,service and sales,mid,,,,,,,
71,10,1,0,,Le Président du bureau des élections,,M,,,,,,,,,,,président du bureau des élections,title or not ? 
71,11,1,0,,Un geôlier,,M,,geôlier,prison guard,military,low,,,,,,,military or police or government executive ? 
71,12,1,0,,Caissier,,M,,caissier,clerk,service and sales,low,,,,,,,
71,13,0,1,,deux Commis de bureau,,U,,commis de bureau,office clerk,intermediate professionals,mid,,,,,,,
71,14,0,1,,plusieurs Commis-marchands,,U,,commis-marchands,merchants,service and sales,low,,,,,,,
71,15,0,1,,Acheteurs des deux sexes,,B,,,,,,,,,,,,
71,16,0,1,,Gendarmes,,M,,gendarme,police officer,police,low,,,,,,,
71,17,0,1,,deux Garçons de bureau de la Mairie,,M,,employé de mairie,city council clerk,government executive officials,low,,,,,,,
72,1,1,0,,Chamerlan,,M,,,,,,,,,,,,
72,2,1,0,,Jérome Duraflé,,M,,,,,,,,,,,,
72,3,1,0,,Un geôlier,,M,,geôlier,prison guard,military,low,,,,,,,
72,4,1,0,,Un guichetier,personnage muet,M,,guichetier,prison guard,military,low,,,,,,,
73,1,1,0,,Champein,"invalide, 61 ans",M,61,,,military,?,,,,,,invalide/disabled,
73,2,1,0,,Vergeot,"invalide, 66 ans",M,66,,,military,?,,,,,,invalide/disabled,
73,3,1,0,,Isidore,neveu de Champein,M,,,,,,,,,neveu(1),nephew(1),,
73,4,1,0,,Mariette Evrard,filleule de Vergeot,F,,,,,,,,,filleule(2),godchild(2),,
74,1,1,0,,Tristan Chauvinet,"peintre, 32 ans",M,32,peintre,painter,artists,mid,,,,,,,"add ""artists"" ? instead of crafts
pr: it wouldn't be instead, it would be in addition to: crafts are ""artisans"" (in English maybe a better word is ""tradespeople"") (e.g. a locksmith, a cooper, a blacksmith would be ""crafts""). "
74,2,1,0,,Barbizon,25 ans,M,25,,,,,,,,,,,
74,3,1,0,,Rigaud,,M,,,,,,,,,,,,
74,4,1,0,,Madeleine,,F,,,,,,,,,,,,
74,5,1,0,,Julie,femme de chambre,F,,femme de chambre,housemaid,elementary professions,low,,,,,,,
75,1,1,0,,M. de Saint-Phar,,M,,,,,,,,,,,,
75,2,1,0,,Élise,sa fille,F,,,,,,,,,fille(1),daughter(1),,
75,3,1,0,,Le vicomte de Sauvécourt,,M,,,,?,,,,,,,vicomte,
75,4,1,0,,Alphonse,son fils,M,,,,?,,,,,fils(3),son(3),,
75,5,1,0,,Antoine,intendant de M. de Saint-Phar,M,,intendant,administrator?,intermediate professionals,mid,,,,intendant(1),administrator(1),,
75,6,1,0,,Soufflé,cuisinier,M,,cuisinier,cook,service and sales,mid,,,,,,,
75,7,0,1,,Marmitons,,U,,marmiton,cook,service and sales,low,,,,,,,
75,8,0,1,,Aides de cuisine,,U,,aide de cuisine,cook,service and sales,low,,,,,,,
75,9,0,1,,Valets,,U,,valet,servant/domestic worker,elementary professions,low,,,,,,,
76,1,1,0,,Koulikof,intendant du château,M,,intendant,administrator,,,,,,,,,
76,2,1,0,,Jean,maître sabotier,M,,maître sabotier,clogmaker,crafts,high,,,,,,,
76,3,1,0,,Alexis,ouvrier sabotier,M,,ouvrier sabotier,clogmaker,crafts,mid,,,,,,,
76,4,1,0,,La Baronne de Vladimir,,F,,,,,,,,,,,baronne,"note de l'auteur : ""Ce rôle est l'emploi des jeunes coquettes."""
76,5,1,0,,Micheline,fille de Jean,F,,,,,,,,,fille(2),daughter(2),,
76,6,1,0,,Poleska de Fersteim,,F,,,,,,,,,,,,
76,7,1,0,,Un Postillon,,M,,postillon,,,,,,,,,,
76,8,0,1,,Paysans,,U,,paysan,,,,,,,,,,
76,9,0,1,,Sabotiers,,U,,sabotier,clogmaker,crafts,mid,,,,,,,
76,10,0,1,,Domestiques,,U,,domestique,domestic worker,elementary professions,low,,,,,,,
78,1,1,0,,Beauminet,,M,,,,,,,,,,,,
78,2,1,0,,Gerfaut,capitaine de cabotage,M,,capitaine de cabotage,ship captain,industry and transportation,?,,,,,,,quelle classe
78,3,1,0,,Adrien de Bernache,architecte,M,,architecte,architect,"professionals, scientific, technical",high,,,,,,,
78,4,1,0,,Boisfleury,notaire,M,,notaire,notary,"professionals, scientific, technical",high,,,,,,,
78,5,1,0,,Madame Laurence Duvernoy,jeune veuve,F,,,,,,,,,,,,
78,6,1,0,,Aglaé,fille de Gerfaut,F,,,,,,,,,fille(2),daughter(2),,
78,7,1,0,,Victoire,femme de chambre de Laurence,F,,femme de chambre,housemaid,elementary professions,low,,,,femme de chambre(5),housemaid(5),,
78,8,0,1,,Invités des deux sexes,,B,,,,,,,,,,,,
78,9,0,1,,Deux domestiques,,U,,domestique,domestic worker,elementary professions,low,,,,,,,
79,1,1,0,,Marmouillard,,M,,,,,,,,,,,,
79,2,1,0,,Ursulin,,M,,,,,,,,,,,,
79,3,1,0,,Maxime,,M,,,,,,,,,,,,
79,4,1,0,,Aménaide de Marmouillard,,F,,,,,,,,,,,,
79,5,1,0,,Berthe,fille de Marmouillard,F,,,,,,,,,fille(4),daughter(4),,
79,6,1,0,,Canardine,servante,F,,servante,domestic worker,elementary professions,low,,,,,,,
80,1,1,0,,M. de Blancpartout,,M,,,,,,,,,,,,
80,2,1,0,,Greluche,comédien,M,,comédien,actor,artists,mid,,,,,,,"add ""artists"" ? instead of crafts"
80,3,1,0,,Micheline,comédienne,F,,comédienne,actress,artists,mid,,,,,,,"add ""artists"" ? instead of crafts"
80,4,1,0,,Ninette,femme de chambre,F,,femme de chambre,housemaid,elementary professions,low,,,,,,,
81,1,1,0,,Henri de Laterrade,,M,,,,,,,,,,,,
81,2,1,0,,Schneider,son oncle,M,,,,,,,,,oncle(1),uncle(1),,
81,3,1,0,,La Renaudière,,M,,,,,,,,,,,,
81,4,1,0,,Chanaubec,cinquante ans,M,50,,,,,,,,,,,
81,5,1,0,,Faruchon,vingt ans,M,20,,,,,,,,,,,
81,6,1,0,,Satania,,F,,,,,,,,,,,,
81,7,1,0,,Caliste,,F,,,,,,,,,,,,
81,8,1,0,,Joseph,,M,,,,,,,,,,,,
81,9,0,1,,Deux autres domestique,,M,,domestique,domestic worker,elementary professions,low,,,,,,,
82,1,1,0,,Le Prince Dorilas,,M,,,,,,,,,,,prince,
82,2,1,0,,Acadœmus,son précepteur,M,,précepteur,tutor,"professionals, scientific, technical",mid,,,,précepteur(1),tutor(1),,
82,3,1,0,,Violentine,,F,,,,,,,,,,,,
82,4,1,0,,Brigantine,,F,,,,,,,,,,,,
82,5,1,0,,Dame Polixène,,F,,,,,,,,,,,,
82,6,1,0,,Ignorantine,,F,,,,,,,,,,,,
82,7,1,0,,Formosine,,F,,,,,,,,,,,,
82,8,1,0,,Bavardine,,F,,,,,,,,,,,,
82,9,0,1,,Esclaves,,U,,esclave,slave,elementary professions,low,,,,,,,slave : elementary profesions? 
83,1,1,0,,Tricoche,,M,,,,,,,,,,,,
83,2,1,0,,Cacolet,,M,,,,,,,,,,,,
83,3,1,0,,Le duc Émile,,M,,,,aristocrat,high,,,,,,duc,
83,4,1,0,,Le Baron Vanderpouf,,M,,,,aristocrat,high,,,,,,baron,
83,5,1,0,,Oscar Pacha,,M,,,,,,,,,,,,
83,6,1,0,,Breloque,,M,,,,,,,,,,,,
83,7,1,0,,Des Escopettes,,M,,,,,,,,,,,,
83,8,1,0,,Hippolyte,,M,,,,,,,,,,,,
83,9,1,0,,Justin,,M,,,,,,,,,,,,
83,10,1,0,,Un homme,,M,,,,,,,,,,,,
83,11,1,0,,Un domestique,,M,,domestique,domestic worker,elementary professions,low,,,,,,,
83,12,1,0,,Un faux clerc d'huissier,,M,,?,?,,,,,,,,,"s'il est faux clerc d'huisser, quelle profession ? 
good question"
83,13,1,0,,Bernardine,,F,,,,,,,,,,,,
83,14,1,0,,Fanny Bombance,,F,,,,,,,,,,,,
83,15,1,0,,Madame Boquet,,F,,,,,,,,,,,,
83,16,1,0,,Georgette,,F,,,,,,,,,,,,
83,17,1,0,,Virginie,,F,,,,,,,,,,,,
83,18,1,0,,Une bonne,,F,,bonne,housemaid,elementary professions,low,,,,,,,
85,1,1,0,,Gaillardin,propriétaire à Pincornet-les-Bœufs,M,,,,,high?,,,,,,propriétaire,title + professionalGrp
85,2,1,0,,Alfred,chef d'orchestre du prince Yermonteff,M,,chef d'orchestre,conductor,artists,mid?,,,,chef d'orchestre(8),conductor(8),,
85,3,1,0,,Tourillon,directeur de la prison,M,,directeur de prison,prison head,government executive officials,mid/high,,,,,,,
85,4,1,0,,Léopold,domestique de Tourillon,M,,domestique,domestic worker,elementary professions,low,,,,domestique(3,domestic worker(3),,
85,5,1,0,,Duparquet,notaire,M,,notaire,notary,"professionals, scientific, technical",high,,,,,,,
85,6,1,0,,Bidard,avocat,M,,avocat,lawyer,"professionals, scientific, technical",high,,,,,,,
85,7,1,0,,Yvan,domestique,M,,domestique,domestic worker,elementary professions,low,,,,,,,
85,8,1,0,,Le Prince de Yermontoff,,M,,,,,,,,,,,prince,
85,9,1,0,,Fanny,femme de Gaillardin,F,,,,,,,,,femme(1),wife(1),,
85,10,1,0,,Métella,,F,,,,,,,,,,,,
85,11,1,0,,Toto,,F,,,,,,,,,,,,
85,12,1,0,,Mme de Sainte-Esplanade,,F,,,,,,,,,,,,
85,13,1,0,,Adèle,,F,,,,,,,,,,,,
85,14,1,0,,Pernette,femme de chambre de Fanny,F,,femme de chambre,housemaid,elementary professions,low,,,,femme de chambre(9),housemaid(9),,
85,1,1,0,,Paturel,,M,,,,,,,,,,,,
85,2,1,0,,La Musardière,,M,,,,,,,,,,,,
85,3,1,0,,Camusot,,M,,,,,,,,,,,,
85,4,1,0,,Modeste,,M,,,,,,,,,,,,
85,5,1,0,,Piétro,,M,,,,,,,,,,,,
85,6,1,0,,Martineau,,M,,,,,,,,,,,,
85,7,1,0,,Cornillon,,M,,,,,,,,,,,,
85,8,1,0,,Le Régisseur,,M,,régisseur,general director/theatre director,"professionals, scientific, technical",mid,,,,,,,
85,9,1,0,,Broquin,,M,,,,,,,,,,,,
85,10,1,0,,Prosper,,M,,,,,,,,,,,,
85,11,1,0,,Un facteur de la poste,,M,,facteur,postman/mailman,elementary professions,low,,,,,,,
85,12,1,0,,Un contrôleur,,M,,contrôleur,accountant,intermediate professionals,mid,,,,,,,"TLFi : ""Celui dont la charge est de tenir registre de certaines choses"""
85,13,1,0,,un domestique,,M,,domestique,domestic worker,elementary professions,low,,,,,,,
85,14,1,0,,un concierge,,M,,concierge,housekeeper/concierge,elementary professions,low,,,,,,,
85,15,1,0,,un petit groom,,M,,groom,bellboy/domestic worker,elementary professions,low,,,,,,,"not a domestic worker bc works in a hotel, but akin to a ""valet"" or ""valet de chambre""."
85,16,1,0,,Albertine,,F,,,,,,,,,,,,
85,17,1,0,,Mariette,,F,,,,,,,,,,,,
85,18,1,0,,Madame Pichard,,F,,,,,,,,,,,,
85,19,1,0,,Rosalie,,F,,,,,,,,,,,,
85,20,1,0,,Ursule,,F,,,,,,,,,,,,
85,21,1,0,,Auguste,,F,,,,,,,,,,,,
85,22,1,0,,Nina,,F,,,,,,,,,,,,
85,23,0,1,,Figurants,,M,,figurant,extra/walk-on actor,artists,low,,,,,,,
85,24,0,1,,Figurantes,,F,,figurant,extra/walk-on actor,artists,low,,,,,,,
86,1,1,0,,Cotentin,,M,,,,,,,,,,,,
86,2,1,0,,De Boistulbé,,M,,,,,,,,,,,,
86,3,1,0,,Des Platanes,,M,,,,,,,,,,,,
86,4,1,0,,Des Barriques,,M,,,,,,,,,,,,
86,5,1,0,,André,,M,,,,,,,,,,,,
86,6,1,0,,Gontran,,M,,,,,,,,,,,,
86,7,1,0,,René,,M,,,,,,,,,,,,
86,8,1,0,,Augustin,,M,,,,,,,,,,,,
86,9,1,0,,M. Eugène,,M,,,,,,,,,,,,
86,10,1,0,,Un domestique,,M,,domestique,domestic worker,elementary professions,low,,,,,,,
86,11,1,0,,Adrienne de Boistulbé,,F,,,,,,,,,,,,
86,12,1,0,,Madame Eugène,,F,,,,,,,,,,,,
86,13,1,0,,Sydonie,,F,,,,,,,,,,,,
86,14,1,0,,Isaure de Chateau-la-Dèche,,F,,,,,,,,,,,,
86,15,1,0,,Madame Bénard,,F,,,,,,,,,,,,
86,16,1,0,,Mélie,,F,,,,,,,,,,,,
86,17,1,0,,Berthe,,F,,,,,,,,,,,,
86,18,1,0,,Juliette Leremouleur,,F,,,,,,,,,,,,
86,19,1,0,,Emma,,F,,,,,,,,,,,,
86,20,1,0,,Léonie de Folle-Avoine,,F,,,,,,,,,,,,
86,21,1,0,,Adélaide de Valgeneuse,,F,,,,,,,,,,,,
86,22,1,0,,Louise,,F,,,,,,,,,,,,
86,23,1,0,,Victorine,,F,,,,,,,,,,,,
87,1,1,0,,Édouard,,M,,,,,,,,,,,,
87,2,1,0,,Colineau,,M,,,,,,,,,,,,
87,3,1,0,,Léopold,valet de chambre,M,,valet de chambre,valet,elementary professions,low,,,,,,,
87,4,1,0,,Le sous-préfet,,M,,sous-préfet,deputy prefect,government executive officials,high/mid,,,,,,,
87,5,1,0,,Godin,maître d'hôtel,M,,maître d'hôtel,maître d'hôtel,service and sales,mid,,,,,,,
87,6,1,0,,Premier bourgeois,,M,,,,,high,,,,,,,
87,7,1,0,,Deuxième bourgeois,,M,,,,,high,,,,,,,
87,8,1,0,,L'interprète,,M,,,,,mid,,,,,,,
87,9,1,0,,Le prince,,M,,,,,high,,,,,,prince,
87,10,1,0,,Domestique d'hôtel,,M,,domestique,domestic worker,elementary professions,low,,,,,,,
87,11,1,0,,Henriette,femme de Colineau,F,,,,,,,,,femme(1),wife(1),,
87,12,1,0,,La comtesse,,F,,,,,,,,,,,,
87,13,1,0,,Clara,femme de chambre d'Henriette,F,,femme de chambre,housemaid,elementary professions,low,,,,femme de chambre(11),housemaid(11),,
87,14,1,0,,Julie,bonne d'hôtel,F,,bonne,housemaid,elementary professions,low,,,,,,,
87,15,1,0,,Clémence,,F,,,,,,,,,,,,
87,16,1,0,16-21,Capitaine de pompiers,personnages muets,M,,pompier (capitaine),firefighter (captain),government executive officials,mid,,,,,,,
87,17,1,0,,Lieutenant de gendarmerie,,M,,lieutenant de gendarmerie,police officer,military,mid,,,,,,,
87,18,1,0,,Inspecteur des Eaux et Forêts,,M,,detective,detective,military,mid,,,,,,,"Wiki : Eaux et Forêts ""Le décret du 13 mars 1875 institua un véritable corps militaire sous le nom des chasseurs forestiers. Le décret du 2 avril 1875 [relatif à l’organisation militaire du corps forestier] incorpora le personnel forestier dans les forces militaires"""
87,19,1,0,,Chef de la Société de Gymnastique,,M,,?,,,,,,,,,chef de la société de gymnastique,profession or title ? 
87,20,0,1,,Deux personnages de la suite du prince,,U,,?,,,,,,,,,suite du prince,profession or title ? 
87,21,1,0,,Voyageurs et voyageuses,,B,,,,,,,,,,,,
88,1,1,0,,Champcourtier,,M,,,,,,,,,,,,
88,2,1,0,,Raoul,baron d'Arnay-la-Hutte,M,,,,,high,,,,,,baron,
88,3,1,0,,Gaston,,M,,,,,,,,,,,,
88,4,1,0,,Riquette,comédienne,F,,comédienne,actress,artists,mid,,,,,,,
88,5,1,0,,Clotilde,baronne d'Arnay-la-Hutte,F,,,,,high,,,,,,baronne,
88,6,1,0,,Madame Berlandet,manicure,F,,manicure/esthéticienne,beautician,crafts,?,,,,,,,
88,7,1,0,,Rosalie,,F,,,,,,,,,,,,
89,1,1,0,,Prosper Block,,M,,,,,,,,,,,,
89,2,1,0,,Vanhove,,M,,,,,,,,,,,,
89,3,1,0,,Busonier,,M,,,,,,,,,,,,
89,4,1,0,,Thirion,,M,,,,,,,,,,,,
89,5,1,0,,Paul,,M,,,,,,,,,,,,
89,6,1,0,,Henri,,M,,,,,,,,,,,,
89,7,1,0,,Suzanne,,F,,,,,,,,,,,,
89,8,1,0,,Colomba,,F,,,,,,,,,,,,
89,9,1,0,,Clarisse,,F,,,,,,,,,,,,
89,10,1,0,,Marthe,,F,,,,,,,,,,,,
89,11,1,0,,Solange,,F,,,,,,,,,,,,
89,12,1,0,,Claudine,,F,,,,,,,,,,,,
90,1,1,0,,Des Prunelles,"riche propriétaire, 40 à 45 ans",M,?,propriétaire,,,high,,,,,,,
90,2,1,0,,Adhémar de Gratignan,"garde général des forêts, 25 à 30 ans",M,?,garde général des forêts,forest ranger,military,mid,,,,,,,"Wiki : Eaux et Forêts ""Le décret du 13 mars 1875 institua un véritable corps militaire sous le nom des chasseurs forestiers. Le décret du 2 avril 1875 [relatif à l’organisation militaire du corps forestier] incorpora le personnel forestier dans les forces militaires"""
90,3,1,0,,Clavignac,40 à 45 ans,M,?,,,,,,,,,,,
90,4,1,0,,Bafourdin,,M,,,,,,,,,,,,
90,5,1,0,,Jamarot,commissaire de police,M,,commissaire,police officer,police,mid,,,,,,,
90,6,1,0,,Bastin,domestique,M,,domestique,domestic worker,elementary professions,low,,,,,,,
90,7,1,0,,Joseph,maître d'hôtel,M,,maître d'hôtel,maître d'hôtel,service and sales,mid,,,,,,,
90,8,1,0,,Cyprienne,"femme de Des Prunelles, 25 ans",F,25,,,,,,,,femme(1),wife(1),,
90,9,1,0,,Madame de Brionne,jeune veuve,F,,,,,,,,,,,,
90,10,1,0,,Madame de Valfontaine,,F,,,,,,,,,,,,
90,11,1,0,,Madamoiselle de Lusignan,vieille fille,F,,,,,,,,,,,,
90,12,1,0,,Josépha,femme de chambre,F,,femme de chambre,housemaid,elementary professions,low,,,,,,,
90,13,0,1,,Des garçons de café,,M,,garçon de café,waiter,elementary professions,low,,,,,,,
90,14,1,0,,Un sommelier,,M,,sommelier,waiter,service and sales,low/mid,,,,,,,"maybe a ""crafts"" profession"
90,15,0,1,,deux sergents de ville,,M,,sergent,police officer,police,mid,,,,,,,TLFi :  Vieilli. Sergent de ville. Gardien de la paix.
8,1,1,0,,La Raynette,,M,,,,,,,,,,,,
8,2,1,0,,Pont-Biquet,,M,,,,,,,,,,,,
8,3,1,0,,Bouzu,,M,,,,,,,,,,,,
8,4,1,0,,Toupance,,M,,,,,,,,,,,,
8,5,1,0,,Jacques Dubois,,M,,,,,,,,,,,,
8,6,1,0,,Dagobert,,M,,,,,,,,,,,,
8,7,1,0,,Un garçon d'hôtel,,M,,garçon d'hôtel,waiter,service and sales,low,,,,,,,
8,8,1,0,,Madame Pont-Biquet,,F,,,,,,,,,,,,
8,9,1,0,,Mathilde,,F,,,,,,,,,,,,
8,10,1,0,,Gabrielle,,F,,,,,,,,,,,,
8,11,1,0,,Madame Godard,,F,,,,,,,,,,,,
8,12,1,0,,Madame Dumesnil,,F,,,,,,,,,,,,
8,13,1,0,,Julie,,F,,,,,,,,,,,,
11,1,1,0,,Ribadier,,M,,,,,,,,,,,,
11,2,1,0,,Thommereux,,M,,,,,,,,,,,,
11,3,1,0,,Savinet,,M,,,,,,,,,,,,
11,4,1,0,,Gusman,,M,,,,,,,,,,,,
11,5,1,0,,Angèle,,F,,,,,,,,,,,,
11,6,1,0,,Sophie,,F,,,,,,,,,,,,
48,1,1,0,,Duchotel,,M,,,,,,,,,,,,
48,2,1,0,,Moricet,,M,,,,,,,,,,,,
48,3,1,0,,Cassagne,,M,,,,,,,,,,,,
48,4,1,0,,Gontran,,M,,,,,,,,,,,,
48,5,1,0,,"Bridois, Commissaire de police",commissaire de police,M,,commissaire de police,police officer,police,mid,,,,,,,
48,6,1,0,,Premier agent,,M,,agent de police,police officer,police,mid,,,,,,,
48,7,1,0,,Deuxième agent,,M,,agent de police,police officer,police,mid,,,,,,,
48,8,1,0,,Léontine,,F,,,,,,,,,,,,
48,9,1,0,,Madame Latour,,F,,,,,,,,,,,,
48,10,1,0,,Babet,,F,,,,,,,,,,,,
43,1,1,0,,Le Baron d'Aigreville,,M,,,,,high,,,,,,baron,
43,2,1,0,,Gaston,son fils,M,,,,,high,,,,fils(1),son(1),,
43,3,1,0,,De Kernanigous,,M,,,,,,,,,,,,
43,4,1,0,,Pétillon,répétiteur de droit,M,,répétiteur de droit,,,,,,,,,,
43,5,1,0,,Arthur de Beauvert,,M,,,,,,,,,,,,
43,6,1,0,,Un coiffeur,,M,,coiffeur,hairdresser,crafts,mid,,,,,,,
43,7,1,0,,Un domestique,,M,,domestique,domestic worker,elementary professions,low,,,,,,,
43,8,1,0,,La Baronne d'Aigreville,,F,,,,,high,,,,,,baronne,
43,9,1,0,,Diane de Kernanigous,,F,,,,,,,,,,,,
43,10,1,0,,Aurélie de Villecouteuse,,F,,,,,,,,,,,,
43,11,1,0,,Toinette,,F,,,,,,,,,,,,
43,12,1,0,,Rosita,,F,,,,,,,,,,,,
7,1,1,0,,Canasson,,M,,,,,,,,,,,,
7,2,1,0,,Le Cardunois,,M,,,,,,,,,,,,
7,3,1,0,,Ludovic,,M,,,,,,,,,,,,
7,4,1,0,,Justin,,M,,,,,,,,,,,,
7,5,1,0,,Pastourel,,M,,,,,,,,,,,,
7,6,1,0,,Mulot,,M,,,,,,,,,,,,
7,7,1,0,,Guerinot,,M,,,,,,,,,,,,
7,8,1,0,,Madame Roussin,,F,,,,,,,,,,,,
7,9,1,0,,Éliane,,F,,,,,,,,,,,,
7,10,1,0,,Caroline,,F,,,,,,,,,,,,
7,11,1,0,,Rosalie,,F,,,,,,,,,,,,
13,1,1,0,,Pinglet.,,M,,,,,,,,,,,,
13,2,1,0,,Paillardin,,M,,,,,,,,,,,,
13,3,1,0,,Mathieu,,M,,,,,,,,,,,,
13,4,1,0,,Maxime,,M,,,,,,,,,,,,
13,5,1,0,,Boulot,,M,,,,,,,,,,,,
13,6,1,0,,Bastien,,M,,,,,,,,,,,,
13,7,1,0,,Le Commissaire,,M,,commissaire,police officer,police,mid,,,,,,,
13,8,1,0,,Ernest,,M,,,,,,,,,,,,
13,9,1,0,,Chervet,,M,,,,,,,,,,,,
13,10,1,0,,Premier Commissionnaire,,M,,premier commissaire,police officer,police,mid,,,,,,,
13,11,1,0,,Marcelle,femme de Paillardin,F,,,,,,,,,femme(2),wife(2),,
13,12,1,0,,Angélique,femme de Pinglet.,F,,,,,,,,,femme(1),wife(1),,
13,13,1,0,,Victoire,femme de chambre de Pinglet.,F,,,,,,,,,femme de chambre(1),housemaid(1),,
13,14,1,0,,Violette,fille de Mathieu,F,,,,,,,,,fille(3),daughter(3),,
13,15,1,0,,Marguerite,fille de Mathieu,F,,,,,,,,,fille(3),daughter(3),,
13,16,1,0,,Paquerette,fille de Mathieu,F,,,,,,,,,fille(3),daughter(3),,
13,17,1,0,,Pervenche,fille de Mathieu,F,,,,,,,,,fille(3),daughter(3),,
13,18,1,0,,Une Dame,,F,,,,,,,,,,,,
13,19,0,1,,Quatre commissaires,,M,,commissaire,police officer,police,mid,,,,,,,
13,20,0,1,,Agents de polices,,M,,agent de police,police officer,police,mid,,,,,,,
13,21,0,1,,Gardiens de la paix,,M,,gardiens de la paix,police officer,police,mid,,,,,,,
14,1,1,0,,Paginet,,M,,,,,,,,,,,,
14,2,1,0,,Livergin,,M,,,,,,,,,,,,
14,3,1,0,,Plumarel,,M,,,,,,,,,,,,
14,4,1,0,,Dardillon,,M,,,,,,,,,,,,
14,5,1,0,,Rasanville,,M,,,,,,,,,,,,
14,6,1,0,,Joseph,,M,,,,,,,,,,,,
14,7,1,0,,Patrigeot,,M,,,,,,,,,,,,
14,8,1,0,,Madame Paginet,,F,,,,,,,,,,,,
14,9,1,0,,Targinette,,F,,,,,,,,,,,,
14,10,1,0,,Simone,,F,,,,,,,,,,,,
14,11,1,0,,Madame Livergin,,F,,,,,,,,,,,,
14,12,0,1,,Une fanfare,,U,,musicien,musician,artists,?,,,,,,,fanfare = musicien professionnel ? 
49,1,1,0,,Bouzin,,M,,,,,,,,,,,,
49,2,1,0,,Le Général,,M,,général,general,military,high/mid,,,,,,,
49,3,1,0,,Bois-dʼEnghien,,M,,,,,,,,,,,,
49,4,1,0,,Lantery,,M,,,,,,,,,,,,
49,5,1,0,,Chenneviette,,M,,,,,,,,,,,,
49,6,1,0,,Fontanet,,M,,,,,,,,,,,,
49,7,1,0,,Antonio,,M,,,,,,,,,,,,
49,8,1,0,,Jean,,M,,,,,,,,,,,,
49,9,1,0,,Firmin,,M,,,,,,,,,,,,
49,10,1,0,,Le Concierge,,M,,concierge,housekeeper/concierge,elementary professions,low,,,,,,,
49,11,1,0,,Un Monsieur,,M,,,,,,,,,,,,
49,12,1,0,,Émile,,M,,,,,,,,,,,,
49,13,1,0,,Lucette,,F,,,,,,,,,,,,
49,14,1,0,,La Baronne,,F,,,,,high,,,,,,baronne,
49,15,1,0,,Viviane,,F,,,,,,,,,,,,
49,16,1,0,,Marceline,,F,,,,,,,,,,,,
49,17,1,0,,Nini,,F,,,,,,,,,,,,
49,18,1,0,,Miss Betting,,F,,,,,,,,,,,,
49,19,1,0,,Une dame,,F,,,,,,,,,,,,
50,1,1,0,,Pontagnac,,M,,,,,,,,,,,,
50,2,1,0,,Vatelin,,M,,,,,,,,,,,,
50,3,1,0,,Rédillon,,M,,,,,,,,,,,,
50,4,1,0,,Soldignac,,M,,,,,,,,,,,,
50,5,1,0,,Pinchard,,M,,,,,,,,,,,,
50,6,1,0,,Gérome,,M,,,,,,,,,,,,
50,7,1,0,,Jean,,M,,,,,,,,,,,,
50,8,1,0,,Victor,,M,,,,,,,,,,,,
50,9,1,0,,Le Gérant,,M,,gérant,manager,intermediate professionals,mid,,,,,,,
50,10,1,0,,Premier Commissaire,,M,,commissaire,police officer,police,mid,,,,,,,
50,11,1,0,,Deuxième Commissaire,,M,,commissaire,police officer,police,mid,,,,,,,
50,12,1,0,,Lucienne Vatelin,,F,,commissaire,police officer,police,mid,,,,,,,
50,13,1,0,,Clotilde Pontagnac,,F,,,,,,,,,,,,
50,14,1,0,,Maggy Soldignac,,F,,,,,,,,,,,,
50,15,1,0,,Mme Pinchard,,F,,,,,,,,,,,,
50,16,1,0,,Armandine,,F,,,,,,,,,,,,
50,17,1,0,,Clara,,F,,,,,,,,,,,,
50,18,0,1,,Agents,,U,,agent de police,police officer,police,mid,,,,,,,
50,19,0,1,,Voyageurs et Voyageuses,,B,,,,,,,,,,,,
26,1,1,0,,Georges Godefroid,,M,,,,,,,,,,,,
26,2,1,0,,Alfred Godefroid,,M,,,,,,,,,,,,
26,3,1,0,,Montpépin,,M,,,,,,,,,,,,
26,4,1,0,,Raoul de Saint-Médard,,M,,,,,,,,,,,,
26,5,1,0,,Labordave,,M,,,,,,,,,,,,
26,6,1,0,,Charbonneau,,M,,,,,,,,,,,,
26,7,1,0,,Lucienne Godefroid,,F,,,,,,,,,,,,
26,8,1,0,,Madame Montpépin,,F,,,,,,,,,,,,
26,9,1,0,,Madame Charbonneau,,F,,,,,,,,,,,,
26,10,1,0,,Angèle,,F,,,,,,,,,,,,
26,11,1,0,,Rosine Charbonneau,,F,,,,,,,,,,,,
26,12,1,0,,Françoise,,F,,,,,,,,,,,,
26,13,1,0,,Julie,,F,,,,,,,,,,,,
31,1,1,0,,Paul Dorigny,,M,,,,,,,,,,,,
31,2,1,0,,Bonardet,,M,,,,,,,,,,,,
31,3,1,0,,Le Baron Douillard,,M,,,,,high,,,,,,baron,
31,4,1,0,,Lambertin,,M,,,,,,,,,,,,
31,5,1,0,,Falambart,,M,,,,,,,,,,,,
31,6,1,0,,Auguste,,M,,,,,,,,,,,,
31,7,1,0,,Cabassou,,M,,,,,,,,,,,,
31,8,1,0,,La Baronne Douillard,,F,,,,,high,,,,,,baronne,
31,9,1,0,,Colombe,,F,,,,,,,,,,,,
31,10,1,0,,Virginie,,F,,,,,,,,,,,,
31,11,1,0,,Antoinette,,F,,,,,,,,,,,,
31,12,1,0,,Madame Bonardet,,F,,,,,,,,,,,,
23,1,1,0,,Petypon,,M,,,,,,,,,,,,
23,2,1,0,,Général Petypon.,,M,,général,general,military,high/mid,,,,,,,
23,3,1,0,,du Grêlé,,M,,,,,,,,,,,,
23,4,1,0,,Mongicourt,,M,,,,,,,,,,,,
23,5,1,0,,Le Duc,,M,,,,,,,,,,,duc,
23,6,1,0,,Marollier,,M,,,,,,,,,,,,
23,7,1,0,,Corignon,,M,,,,,,,,,,,,
23,8,1,0,,Etienne,,M,,,,,,,,,,,,
23,9,1,0,,Le Balayeur,,M,,balayeur,sweeper,elementary professions,low,,,,,,,
23,10,1,0,,L’Abbé,,M,,abbé,vicar,clergy,low,,,,,,,
23,11,1,0,,Chamerot,,M,,,,,,,,,,,,
23,12,1,0,,Sauvarel,,M,,,,,,,,,,,,
23,13,1,0,,Guérissac,,M,,,,,,,,,,,,
23,14,1,0,,Varlin,,M,,,,,,,,,,,,
23,15,1,0,,Emile,,M,,,,,,,,,,,,
23,16,1,0,,3e Officier,,M,,officier,officer,military,mid,,,,,,,
23,17,1,0,,Vidauban,,M,,,,,,,,,,,,
23,18,1,0,,Tournoy,,M,,,,,,,,,,,,
23,19,1,0,,La Môme crevette,,F,,,,,,,,,,,,
23,20,1,0,,Madame Petypon,,F,,,,,,,,,,,,
23,21,1,0,,Madame Vidauban,,F,,,,,,,,,,,,
23,22,1,0,,Madame Sauvarel,,F,,,,,,,,,,,,
23,23,1,0,,Clémentine,,F,,,,,,,,,,,,
23,24,1,0,,La Duchesse de Valmonté,,F,,,,,,,,,,,duchesse,
23,25,1,0,,Madame Ponant,,F,,,,,,,,,,,,
23,26,1,0,,Madame Claux,,F,,,,,,,,,,,,
23,27,1,0,,Madame Virette,,F,,,,,,,,,,,,
23,28,1,0,,Madame Hautignol,,F,,,,,,,,,,,,
23,29,1,0,,La Baronne,,F,,,,,,,,,,,baronne,
23,30,1,0,,Madame Tournoy,,F,,,,,,,,,,,,
37,1,1,0,,Boulinard,,M,,,,,,,,,,,,
37,2,1,0,,Paul Godard,,M,,,,,,,,,,,,
37,3,1,0,,Paul Bodard,,M,,,,,,,,,,,,
37,4,1,0,,Le Major Boulingrin,,M,,major,officer,military,mid,,,,,,,"TLFi : Major : ""[Autrefois ou dans certaines armées étrangères] Officier supérieur du grade de chef de bataillon. Synon. commandant."""
37,5,1,0,,Bruniquel,,M,,,,,,,,,,,,
37,6,1,0,,M. Emile,maître d'hôtel,M,,maître d'hôtel,maître d'hôtel,service and sales,mid,,,,,,,
37,7,1,0,,Dutilleul,juge de paix,M,,juge de paix,judge,government executive officials,high,,,,,,,"TLFi : Juge de paix : ""Magistrat dont la juridiction s'étendait, avant la création des tribunaux d'instance, sur un canton et qui avait des fonctions diverses, notamment de conciliateur, de juge unique dans les affaires peu importantes """
37,8,1,0,,Déboucheau,président du Tribunal,M,,président du Tribunal/juge,judge,government executive officials,high,,,,,,,
37,9,1,0,,Louveteau,,M,,,,,,,,,,,,
37,10,1,0,,Benoit,,M,,,,,,,,,,,,
37,11,1,0,,Un vieil habitué de table d'hôte,,M,,,,,,,,,,,,
37,12,1,0,,Un crieur,,M,,crieur ,town crier,elementary professions,low,,,,,,,assuming that is a town crier
37,13,1,0,,Paméla,femme de Boulinard,F,,,,,,,,,femme(1),wife(1),,
37,14,1,0,,Cécile,,F,,,,,,,,,,,,
37,15,1,0,,Agathe,,F,,,,,,,,,,,,
37,16,1,0,,Augustine,,F,,,,,,,,,,,,
47,1,1,0,,Massenay,39 ans,M,39,,,,,,,,,,,
47,2,1,0,,Chanal,40 ans,M,40,,,,,,,,,,,
47,3,1,0,,Hubertin,"40 ans, gros boulot, rablé, vigoureux ; allure américaine",M,40,,,,,,,,,,,
47,4,1,0,,Coustouillu,"type de tribun : des épaules, de la prestance ; barbe carrée, cheveux blonds ondulés et rejetés en arrière :",M,,,,,,,,,,,,
47,5,1,0,,Planteloup,"commissaire de police prudhommesque, papelard et doucereux",M,,commissaire,police officer,police,mid,,,,,,,
47,6,1,0,,Belgence,"personnage menu, l’ami de la maison qui n’a pas d’importance",M,,,,,,,,,,,,
47,7,1,0,,Germal,2e commissaire de police,M,,commissaire,police officer,police,mid,,,,,,,
47,8,1,0,,Etienne,"domestique, 45 ans",M,45,domestique,domestic worker,elementary professions,low,,,,,,,
47,9,1,0,,Auguste,"valet de chambre, 28 ans, vif, alerte mais un peu gringalet",M,28,valet de chambre,,,,,,,,,,
47,10,1,0,,Lapige,maçon ; rond et jovial,M,,maçon,construction worker/mason,industry and transportation,low/mid,,,,,,,
47,11,1,0,,Francine Chanal,,F,,,,,,,,,,,,
47,12,1,0,,Sophie Massenay,,F,,,,,,,,,,,,
47,13,1,0,,Marthe,"la femme de chambre de bonne maison, correcte dans sa tenue et ses façons, mais ayant conservé un fort accent picard",F,,femme de chambre,housemaid,elementary professions,low,Picardy,,accent picard,,,,
47,14,1,0,,Madeleine,"cuisinière, 50 ans",F,50,cuisinière,cook,service and sales,mid,,,,,,,
47,15,0,1,,Deux secrétaires de commissaires,,U,,secrétaire,secretary,intermediate professionals,mid,,,,,,,
47,16,1,0,,un serrurier,,M,,serrurier,locksmith,crafts,mid,,,,,,,
32,1,1,0,,Dupont,,M,,,,,,,,,,,,
32,2,1,0,,Robert de Trivelin,,M,,,,,,,,,,,,
32,3,1,0,,La Baule,,M,,,,,,,,,,,,
32,4,1,0,,Couzan,,M,,,,,,,,,,,,
32,5,1,0,,Frontignac,,M,,,,,,,,,,,,
32,6,1,0,,Gontran des Barbettes,,M,,,,,,,,,,,,
32,7,1,0,,Le Prix de Rome,,M,,peintre,painter,artists,mid/high,,,,,,prix de Rome,
32,8,1,0,,Un Commissaire,,M,,commissaire,police officer,police,mid,,,,,,,
32,9,0,1,,Deux agents,,M,,agent,police officer,police,mid,,,,,,,
32,10,1,0,,Zézé,,F,,,,,,,,,,,,
32,11,1,0,,Madame Dupont,,F,,,,,,,,,,,,
32,12,1,0,,Paulette de Trivelin,,F,,,,,,,,,,,,
32,13,1,0,,Lise,,F,,,,,,,,,,,,
32,14,1,0,,Ernestine,,F,,,,,,,,,,,,
32,15,1,0,,Mariette,,F,,,,,,,,,,,,
40,1,1,0,,Léon Maubert,,M,,,,,,,,,,,,
40,2,1,0,,Jules Flingault,,M,,,,,,,,,,,,
40,3,1,0,,M. Bozon,,M,,,,,,,,,,,,
40,4,1,0,,Gérald Louchepied,,M,,,,,,,,,,,,
40,5,1,0,,Francis,,M,,,,,,,,,,,,
40,6,1,0,,Gustave,personnage muet,M,,,,,,,,,,,,
40,7,1,0,,Suzanne Maubert,,F,,,,,,,,,,,,
40,8,1,0,,Fanny,,F,,,,,,,,,,,,
40,9,1,0,,Madame Pantois,,F,,,,,,,,,,,,
40,10,1,0,,Adèle,bonne,F,,bonne,housemaid,elementary professions,low,,,,,,,
51,1,1,0,,Victor-Emmanuel Chandebise,,M,,,,,,,,,,,,
51,2,1,0,,Poche,,M,,,,,,,,,,,,
51,3,1,0,,Camille Chandebise,,M,,,,,,,,,,,,
51,4,1,0,,Romain Tournel,,M,,,,,,,,,,,,
51,5,1,0,,Docteur Finache,,M,,,,,,,,,,,,
51,6,1,0,,Carlos Homénidès dé Histangua,,M,,,,,,,,,,,,
51,7,1,0,,Augustin Ferraillon,,M,,,,,,,,,,,,
51,8,1,0,,Étienne,,M,,,,,,,,,,,,
51,9,1,0,,Rugby,,M,,,,,,,,,,,,
51,10,1,0,,Baptistin,,M,,,,,,,,,,,,
51,11,1,0,,Raymonde Chandebise,,F,,,,,,,,,,,,
51,12,1,0,,Lucienne Homénidès dé Histangua,,F,,,,,,,,,,,,
51,13,1,0,,Olympe Ferraillon,,F,,,,,,,,,,,,
51,14,1,0,,Antoinette,,F,,,,,,,,,,,,
51,15,1,0,,Eugénie,,F,,,,,,,,,,,,
111,1,1,0,,Pochet,,M,,,,,,,,,,,,
111,2,1,0,,Le Prince,,M,,,,artistocrat,high,,,,,,prince,
111,3,1,0,,Marcel Courbois,,M,,,,,,,,,,,,
111,4,1,0,,Etienne,,M,,,,,,,,,,,,
111,5,1,0,,Van Putzeboum,,M,,,,,,,,,,,,
111,6,1,0,,Koschnadieff,,M,,,,,,,,,,,,
111,7,1,0,,Adonis,,M,,,,,,,,,,,,
111,8,1,0,,Bibichon,,M,,,,,,,,,,,,
111,9,1,0,,Le Commissaire,,M,,commissaire,police officer,police,mid,,,,,,,
111,10,1,0,,Mouilletu,,M,,,,,,,,,,,,
111,11,1,0,,Le Maire,,M,,maire,mayor,government executive officials,mid,,,,,,,might have another profession
111,12,1,0,,Valcreuse,,M,,,,,,,,,,,,
111,13,1,0,,Boa,,M,,,,,,,,,,,,
111,14,1,0,,Premier photographe,,M,,photographe,photographer,intermediate professionals/artists,mid,,,,,,,
111,15,1,0,,Deuxième photographe,,M,,photographe,photographer,intermediate professionals/artists,mid,,,,,,,
111,16,1,0,,Valéry,,M,,,,,,,,,,,,
111,17,1,0,,Cornette,,M,,,,,,,,,,,,
111,18,1,0,,Mouchemolle,,M,,,,,,,,,,,,
111,19,1,0,,Amélie,,F,,,,,,,,,,,,
111,20,1,0,,Irène,,F,,,,,,,,,,,,
111,21,1,0,,Charlotte,,F,,,,,,,,,,,,
111,22,1,0,,Yvonne,,F,,,,,,,,,,,,
111,23,1,0,,Palmyre,,F,,,,,,,,,,,,
111,24,1,0,,Virginie,,F,,,,,,,,,,,,
111,25,1,0,,Gaby,,F,,,,,,,,,,,,
111,26,1,0,,Gismonda,,F,,,,,,,,,,,,
111,27,1,0,,Paquerette,,F,,,,,,,,,,,,
111,28,1,0,,La petite fille,,F,,,,,,,,,,,,
34,1,1,0,,Isidore,15 à 16 ans,M,15/16,,,,,,,,,,,
34,2,1,0,,Paimbœuf,45 ans,M,45,,,,,,,,,,,
34,3,1,0,,Edgard,"son neveu, 18 à 20 ans",M,18/20,,,,,,,,neveu(2),nephew(2),,
34,4,1,0,,Pamphile,"répétiteur, 50 ans",M,50,répétiteur,private tutor,intermediate professionals,mid,,,,,,,"TLFi : Répétiteur: Personne employée à titre privé pour faire répéter les leçons d'un professeur, ou plus généralement, pour faire travailler un élève, en particulier à la maison"
34,5,1,0,,Baptiste,"domestique de Paimbœuf, 16 à 18 ans",M,16/18,domestique,domestic worker,elementary professions,low,,,,domestique(2),domestic worker(2),,
34,6,1,0,,Clampin,"gardien des Tuileries, vieux soldat",M,,gardien des Tuileries/vieux soldat,,military,mid/low,,,,,,,
34,7,1,0,,Un gros Monsieur,personnage muet,M,,,,,,,,,,,,
34,8,1,0,,Promeneurs,vieux et jeunes,U,,,,,,,,,,,,
33,1,1,0,,Tricointe,président du Tribunal de Gray,M,,juge,judge,government executive officials,high,,,,,,,
33,2,1,0,,Cyprien Gaudet,ministre de la Justice,M,,ministre de la Justice,Minister,government executive officials,high,,,,,,,
33,3,1,0,,Marius,chef des huissiers du ministère,M,,chef des huissiers du ministère,court bailiff (chief),government executive officials,high,,,,,,,
33,4,1,0,,Octave Rosimond,chef de cabinet de Gaudet,M,,chef de cabinet,principal private Secretary,government executive officials,high,,,,chef de cabinet(2),principal private Secretary(2),,
33,5,1,0,,Bienassis,sous-chef de bureau,M,,sous-chef de bureau,office manager?,government executive officials,high/mid,,,,,,,sounds like an important role in the context
33,6,1,0,,Poche,gardien de la paix,M,,gardien de la paix,police officer,police,mid,,,,,,,
33,7,1,0,,La Moulaine,procureur de la République,M,,procureur de la République,state prosecutor,government executive officials,high,,,,,,,
33,8,1,0,,Pinglet,conseiller,M,,conseiller,councelor (ministry),government executive officials,high,,,,,,,
33,9,1,0,,Bouquet des Ifs,conseiller,M,,conseiller,councelor (ministry),government executive officials,high,,,,,,,
33,10,1,0,,François,garçon de bureau,M,,garçon de bureau,office clerk,intermediate professionals,mid,,,,,,,
33,11,1,0,,Dominique,,M,,garçon de bureau,office clerk,intermediate professionals,mid,,,,,,,
33,12,1,0,,Premier garçon du garde meuble national,,M,,Garçon du garde meuble national,?,?,mid/low,,,,,,,
33,13,1,0,,Deuxième garçon,,M,,Garçon du garde meuble national,?,?,mid/low,,,,,,,
33,14,1,0,,Gobette,,F,,,,,,,,,,,,
33,15,1,0,,Aglaé,,F,,,,,,,,,,,,
33,16,1,0,,Denise,,F,,,,,,,,,,,,
33,17,1,0,,Angelina,,F,,,,,,,,,,,,
33,18,1,0,,Sophie,,F,,,,,,,,,,,,
33,19,1,0,,Juliette,,F,,,,,,,,,,,,
33,20,0,1,,Employés du ministère,,U,,employé,employee,intermediate professions,mid,,,,,,,
41,1,1,0,,Lambrisset,,M,,,,,,,,,,,,
41,2,1,0,,Brichoux,,M,,,,,,,,,,,,
41,3,1,0,,Marjolin,,M,,,,,,,,,,,,
41,4,1,0,,Le Colonel de Servan,,M,,colonel,colonel,military,high,,,,,,,
41,5,1,0,,Pinchon,,M,,,,,,,,,,,,
41,6,1,0,,Lucienne Lambrisset,,F,,,,,,,,,,,,
41,7,1,0,,Georgette Marjolin,,F,,,,,,,,,,,,
41,8,1,0,,Francine,,F,,,,,,,,,,,,
41,9,1,0,,Zélia,,F,,,,,,,,,,,,
41,10,1,0,,Mme Chandoré,,F,,,,,,,,,,,,
41,11,1,0,,Mme des Vergettes,,F,,,,,,,,,,,,
41,12,1,0,,Mme de Parville,,F,,,,,,,,,,,,
41,13,1,0,,Mme d'Antignac,,F,,,,,,,,,,,,
91,1,1,0,,Fabien,"éditeur, 25 ans",M,25,éditeur,publisher,"professionals, scientific, technical",mid,,,,,,,
91,2,1,0,,Hecter,"auteur, même âge",M,25,auteur,writer,artists,?,,,,,,,
91,3,1,0,,Le Baron de Luxueil,vieux muscadin,M,,,,aristocrat,high,,,,,,baron,"TLFi : muscadin : ""HIST. (sous la Révolution et le Directoire). Jeune royaliste qui affectait une mise excentrique. / Pop. ,,On donne encore ce nom, dans les campagnes, aux farauds de village, aux fils de gros fermiers qui singent les jeunes gens de la ville, aux clercs d'huissier ou de notaire aux manières prétentieuses`` (FRANCE 1907)"""
91,4,1,0,,Wilheilm,domestique allemand,M,,domestique,domestic worker,elementary professions,low,Germany,,,,,,
91,5,1,0,,Raoul,,M,,,,,,,,,,,,
91,6,1,0,,Mme de Forbins,grand'mère de Fabien,F,,,,,,,,,grand-mère(1),grandmother(1),,
91,7,1,0,,Blanche,,F,,,,,,,,,,,,
91,8,0,1,,Amis de Fabien,,U,,,,,,,,,ami(1),friend(1),,
92,1,1,0,,Eugène de Lirac,,M,,,,,,,,,,,,
92,2,1,0,,Albert d'Ervilly,,M,,,,,,,,,,,,
92,3,1,0,,Jolibon,,M,,,,,,,,,,,,
92,4,1,0,,Berthol,,M,,,,,,,,,,,,
92,5,1,0,,Léon d'Olbreuse,,M,,,,,,,,,,,,
92,6,1,0,,Armande de Lirac,,F,,,,,,,,,,,,
92,7,1,0,,Anna,,F,,,,,,,,,,,,
93,1,1,0,,Le comte de Treneuil,,M,,,,aristocrats,high,,,,,,comte,
93,2,1,0,,Hortense,sa femme,F,,,,aristocrats,high,,,,femme(1),wife(1),,
93,3,1,0,,Justin,valet,M,,valet,domestic worker,elementary professions,low,,,,,,,
94,1,1,0,,Le Comte de Surville,29 ans,M,29,,,aristocrats,high,,,,,,comte,
94,2,1,0,,La Baronne d'Éricourt,24 ans,F,24,,,aristocrats,high,,,,,,baronne,
94,3,1,0,,Francine,soubrette,F,,soubrette,domestic worker,elementary professions,low,,,,,,,
95,1,1,0,,Cyprien,,M,,,,,,,,,,,,
95,2,1,0,,Ludovic,,M,,,,,,,,,,,,
95,3,1,0,,Sir Hopkins,,M,,,,,,England,,,,,,"assuming he is English bc of ""Sir"""
95,4,1,0,,Bontemps,notaire,M,,,notaire,,,,,,,,,
95,5,1,0,,Gaspard,domestique,M,,domestique,domestic worker,elementary professions,low,,,,,,,
95,6,1,0,,Sidonie,,F,,,,,,,,,,,,
95,7,1,0,,Caliste,,F,,,,,,,,,,,,
95,8,1,0,,Dolorès,tante de Sidonie et de Caliste,F,,,,,,,,,tante(6-7),aunt(6-7),,
96,1,1,0,,Pilevois,,M,,,,,,,,,,,,
96,2,1,0,,Lumignon,portier,M,,portier,doorman,elementary professions,low,,,,,,,
96,3,1,0,,Robinson,professeur de danse,M,,professeur de danse,dance teacher,artists,mid,,,,,,,
96,4,1,0,,Madame Langeville,,F,,,,,,,,,,,,
97,1,1,0,,Pierre,berger (22 ans),M,22,berger,shepherd,agriculture,low,,,,,,,
97,2,1,0,,Jean-Le-Beau,riche fermier (26 ans),M,26,fermier,farmer,agriculture,low,,,,,,,
97,3,1,0,,Racineux,bûcheron et vannier (56 ans),M,56,bûcheron + vannier,woodcutter + basket maker,elementary professions + crafts,mid/low,,,,,,,"2 professions + TLFi : vannier : ""Artisan spécialisé dans la confection et la vente d'articles de vannerie"" / vannerie : ""Art de tresser des matières végétales flexibles comme l'osier, le roseau, le rotin, le raphia pour fabriquer divers objets, tels que paniers, articles de ménage, malles et petits meubles. """
97,4,1,0,,Jeannette,sa fille (18 ans),F,18,,,,,,,,fille(3),daughter(3),,
97,5,1,0,,La Marquise de Keremar,marraine de Jeanneatte (25 ans),F,25,,,,,,,,marraine(4),godmother(4),,
97,6,0,1,,Paysans et paysannes,,B,,paysan,farmer,agriculture,low,,,,,,,
98,1,1,0,,Rambert,riche colon,M,,colon,settler,?,?,,,,,,,
98,2,1,0,,Ernest,son fils,M,,,,,,,,,fils(1),son(1),,
98,3,1,0,,Albert,frère de Suzanne,M,,,,,,,,,frère(7),brother(7),,
98,4,1,0,,La Marquise de Sormeuil,,F,,,,aristocrats,high,,,,,,marquise,
98,5,1,0,,Mademoiselle de Sormeuil,,F,,,,,,,,,,,,
98,6,1,0,,Octave de Sormeuil,mousquetaire,M,,mousquetaire,musketeer,?,?,,,,,,,interprété par une femme
98,7,1,0,,Suzanne,sœur d'Albert,F,,,,,,,,,sœur(3),sister(3),,
99,1,1,0,,La veuve Mathias,surnommée Mère Grippetout,F,,,,,,,,,,,,
99,2,1,0,,Suzette,"servante, orpheline",F,,servante,domestic worker,elementary professions,low,,,,,,,
99,3,1,0,,Madeleine,jeune veuve du meunier Bertrand,F,,,,,,,,,,,,
99,4,1,0,,François,fils de la veuve Mathias,M,,,,,,,,,fils(1),son(1),,
99,5,1,0,,Jacques Melchieur,"frère de Suzette, caporal",M,,,,,,,,,frère(2),brother(2),,
100,1,1,0,,Dusolfège,,M,,,,,,,,,,,,
100,2,1,0,2-5,Lolo,Même personage [sic],M,,,,,,,,,,,,
100,3,1,0,,Jule Raphaël,,M,,,,,,,,,,,,
100,4,1,0,,Marcas,Marsaillais [sic,M,,,,,,Marseilles,,,,,,
100,5,1,0,,Mme Chapuis,,F,,,,,,,,,,,,"interprétée par un homme, même acteur de 2 à 5."
101,1,1,0,,Louis Rambert,avocat,M,,avocat,lawyer,"professionals, scientific, technical",high,,,,,,,
101,2,1,0,,Le Baron de Chateauneuf,,M,,,,aristocrats,high,,,,,,baron,
101,3,1,0,,Hermann,fils du Baron,M,,,,aristocrats,high,,,,fils(2),son(2),,
101,4,1,0,,Duvernay,,M,,,,,,,,,,,,
101,5,1,0,,Clémence,fille de Rambert,F,,,,,,,,,fille(1),daughter(2),,
101,6,1,0,,Madame Durand,,F,,,,,,,,,,,,
101,7,1,0,,Un secrétaire,,M,,secrétaire,secretary,intermediate professionals,mid,,,,,,,
101,8,0,1,,Deux Clercs,,U,,clerc,clerk,intermediate professionals,mid,,,,,,,
101,9,1,0,,Un domestique,,M,,domestique,domestic worker,elementary professions,low,,,,,,,
101,10,0,1,,Des valets,,M,,valet,domestic worker,elementary professions,low,,,,,,,
102,1,1,0,,Donathan Rolbecq,jeune manufacturier,M,,manufacturier,manufacturer,industry and transportation,high,,,,,,,"TLFi : manufacturier : ""Propriétaire d'une manufacture; personne qui dirige une manufacture."""
102,2,1,0,,De Molsheim,major,M,,major,officer,military,mid,,,,,,,
102,3,1,0,,Ludovic de Stenback,officier,M,,officier,officer,military,mid,,,,,,,
102,4,1,0,,Péters,vieux domestique de Donathan,M,,domestique,domestic worker,elementary professions,low,,,,domestique(1),domestic worker(1),,
102,5,1,0,,Mme Delbruck,tante de Donathan,F,,,,,,,,,tante(1),aunt(1),,
102,6,1,0,,Clotilde Derfaud,jeune veuve française,F,,,,,,France,,,,,,
102,7,1,0,,Mina,fille de Mme Delbruck,F,,,,,,,,,fille(5),daughter(5),,
103,1,1,0,,Georges,,M,,,,,,,,,,,,
103,2,1,0,,Picardin,,M,,,,,,,,,,,,
103,3,1,0,,Le Prince Benati,,M,,,,aristocrats,high,,,,,,prince,
103,4,1,0,,Jules Rémond,,M,,,,,,,,,,,,
103,5,1,0,,Méloé,artiste-peintre,F,,artiste-peintre,painter,artists,?,,,,,,,
103,6,1,0,,Laurence Bonardon,,F,,,,,,,,,,,,
103,7,1,0,,Mathile,jeune couturière,F,,couturière,seamstress,crafts,mid/low,,,,,,,
103,8,1,0,,Un domestique au 1e acte,,M,,domestique,domestic worker,elementary professions,low,,,,,,,
103,9,0,1,,Deux domestiques au 2e acte,,U,,domestique,domestic worker,elementary professions,low,,,,,,,
103,10,1,0,,Un agent de l'autorité,,M,,agent de l'autorité,police officer,police,low,,,,,,,
104,1,1,0,,Georges,,M,,,,,,,,,,,,Même pièce que 103
104,2,1,0,,Picardin,,M,,,,,,,,,,,,
104,3,1,0,,Le Prince Benati,,M,,,,aristocrats,high,,,,,,prince,
104,4,1,0,,Jules Rémond,,M,,,,,,,,,,,,
104,5,1,0,,Méloé,artiste-peintre,F,,artiste-peintre,painter,artists,?,,,,,,,
104,6,1,0,,Laurence Bonardon,,F,,,,,,,,,,,,
104,7,1,0,,Mathile,jeune couturière,F,,couturière,seamstress,crafts,mid/low,,,,,,,
104,8,1,0,,Un domestique au 1e acte,,M,,domestique,domestic worker,elementary professions,low,,,,,,,
104,9,0,1,,Deux domestiques au 2e acte,,U,,domestique,domestic worker,elementary professions,low,,,,,,,
104,10,1,0,,Un agent de l'autorité,,M,,agent de l'autorité,police officer,police,low,,,,,,,
105,1,1,0,,Le comte Albert de Saint-Méry,,M,,,,aristocrats,high,,,,,,comte,
105,2,1,0,,Bonnard,"négociant, oncle de Marguerite",M,,négociant,merchant,service and sales,mid,,,,oncle(5),uncle(5),,
105,3,1,0,,Jules de Beauséjour,ami d'Albert,M,,,,,,,,,ami(1),friend(1),,
105,4,1,0,,Forster,riche Américain,M,,,,,high,USA/America,,,,,,
105,5,1,0,,"Marguerite de Senneville, comtesse de Saint-Méry",,F,,,,aristocrats,high,,,,,,comtesse,
105,6,1,0,,La chanoinesse de Saint-Méry,tante d'Albert,F,,chanoinesse,canon,clergy,?,,,,tante(1),aunt(1),,
105,7,1,0,,Amélie Beauval,,F,,,,,,,,,,,,
105,8,1,0,,Un domestique,,M,,domestique,domestic worker,elementary professions,low,,,,,,,
106,1,1,0,,Le Père Marcel,"ancien sergent, cultivateur",M,,cultivateur/ancien sergent,farmer/retired sergent,agriculture/retired military,low/mid,,,,,,,
106,2,1,0,,Marcelin,son fils aîné,M,,,,,,,,,fils(1),son(1),,
106,3,1,0,,Joseph,son second fils,M,,,,,,,,,fils(1),son(1),,
106,4,1,0,,Mathieu,cultivateur,M,,cultivateur,farmer,agriculture,low,,,,,,,
106,5,1,0,,M. De Gabrianne,juge d'instruction,M,,juge d'instruction,judge,government executive officials,high,,,,,,,
106,6,1,0,,Un notable du village,,M,,,,,,,,,,,public figure,
106,7,1,0,,Un domestique,,M,,domestique,domestic worker,elementary professions,low,,,,,,baronne,
106,8,1,0,,La baronne d'Ermont,,F,,,,aristrocrats,high,,,,,,,
106,9,1,0,,Anna,sa fille,F,,,,aristrocrats,high,,,,fille(8),daughter(8),,
106,10,1,0,,Marguerite,femme de Marcel,F,,,,,,,,,femme(1),wife(1),,
106,11,0,1,,Paysans,,M,,paysan,farmer,agriculture,low,,,,,,,
106,12,0,1,,Paysannes,,F,,paysan,farmer,agriculture,low,,,,,,,
107,1,1,0,,M. De Saint-Didier,,M,,,,,,,,,,,,
107,2,1,0,,M. Lambert,son ami,M,,,,,,,,,ami(1),friend(1),,
107,3,1,0,,Angeline de Mérange,,F,,,,,,,,,,,,
107,4,1,0,,Madame Dumonsel,sa belle-sœur,F,,,,,,,,,belle-sœur(3),sister-in-law(3),,
107,5,1,0,,Alix,,F,,,,,,,,,,,,
107,6,1,0,,Domestique,,F,,domestique,domestic worker,elementary professions,low,,,,,,,
107,7,1,0,,Sophie,femme de chambre,F,,femme de chambre,domestic worker,elementary professions,low,,,,,,,
107,8,0,1,,Invités et invitées,,B,,,,,,,,,,,,
108,1,1,0,,Le comte Alfred de Selcourt,,M,,,,,,,,,,,comte,
108,2,1,0,,M. Badouillet,,M,,,,,,,,,,,,
108,3,1,0,,Alvarès d'Orcano,,M,,,,,,,,,,,,
108,4,1,0,,Jules de Solin,,M,,,,,,,,,,,,
108,5,1,0,,André,domestique,M,,domestique,domestic worker,elementary professions,low,,,,,,,
108,6,1,0,,La comtesse douairière de Selcourt,mère d'Alfred ,F,,,,,,,,,mère(1),mother(1),comtesse,
108,7,1,0,,Valéria,femme d'Alfred,F,,,,,,,,,femme(1),wife(1),,
108,8,1,0,8-9,Hermance,sœurs de Valéria,F,,,,,,,,,sœur(7),sister(7),,
108,9,1,0,,Odélie,,F,,,,,,,,,sœur(7),sister(7),,
108,10,1,0,,Madame Badouillet,,F,,,,,,,,,,,,
109,1,1,0,,Louis Kerven,,M,,,,,,,,,,,,
109,2,1,0,,Le comte de Soisy,,M,,,,,,,,,,,,
109,3,1,0,,Hermann Desrivières,,M,,,,,,,,,,,,
109,4,1,0,,Christophe,,M,,,,,,,,,,,,
109,5,1,0,,Tom,,M,,,,,,,,,,,,
109,6,1,0,,Loïsa,,F,,,,,,,,,,,,
109,7,1,0,,Aglaé de Moranville,,F,,,,,,,,,,,,
110,1,1,0,,M. de Saint-Vallier,,M,,,,,,,,,,,,
110,2,1,0,,Fortuné de Viéville,,M,,,,,,,,,,,,
110,3,1,0,,Capédious,,M,,,,,,,,,,,,
110,4,1,0,,Follette,sœur de Louise,F,,,,,,,,,sœur(5),sister(5),,
110,5,1,0,,Louise,femme de Capédious,F,,,,,,,,,femme(3),wife(3),,