01;1;CHŒUR.=Air de M. Marius Boullard.;378;('Air de M. Boullard.', 95);1
01;2;Air de M. Marius Boullard.;842;Air de M. Boullard.;1
01;3;Ain de M. Codés.;1131;;1
01;4;CHŒUR. *=Ain : de Marius Boullard.;1437;['Air de M. Boullard.'];1
01;5;Air : de M. Marius Roullard.;1657;['Air de M. Boullard.'];1
01;6;Air: de M. Marius Boullard.;2031;['Air de M. Boullard.'];1
01;7;AiR: De M. Marius Boullard.;2502;('Air de M. Boullard.', 95);1
01;8;Ain : du premier acle.;2553;;1
01;9;CHŒUR=Air: Nouveau de M. Marius Boullard.;2641;['Air de M. Boullard.'];1
01;10;(CHŒUR DE FEMMES *.;2703;;1
01;11;Air: de M. Marius Bouffard.;2705;['Air de M. Boullard.'];1
01;12;CHŒUR.=C'est à Mabille, etc,;2723;;1
01;13;CHŒUR,=~ C'est à Mabille, etc.;2739;;1
01;14;Air : de M. Marius Boullard.;2855;['Air de M. Boullard.'];1
01;15;CHŒUR.=Oh! oui-dat;2863;;1
01;16;CHOEUR.=Ah! oui-dal;2903;;1
01;;CHŒUR;2998;;0
01;17;Air de M. Cœdés.;2999;;1
01;18;Ain : de M. Marius Boullard.;3793;['Air de M. Boullard.'];1
01;19;CHŒUR.=Air : de M. Marius Boullard.;3901;;1
01;20;CHOEUR *.=At : de M. Marius Boullard.;3939;['Air de M. Boullard.'];1
01;21;Air: de M. Marius Boullard.;4324;['Air de M. Boullard.'];1
01;22;Atn: de M. Marius Boullard.;4819;['Air de M. Boullard.'];1
01;23;CHOEUR.=Arn : de M. Marius Boullard.;5025;['Air de M. Boullard.'];1
01;24;Air : de M. Marius Boullard.;5436;['Air de M. Boullard.'];1
01;;CHŒUR.;5580;;0
01;;Air précédent.;5582;;0
01;;COUPLET FINAL.;5648;;0
01;;AIR  Du premier acte.;5650;;0
03;;Aïe |;242;;0
03;;Aïe !...;1084;;0
03;;Aïe !;2855;;0
03;;Aïe! (Bas.) Tu as parlé ?;3196;;0
03;;Aïe! (Haut.}) Hé bien! oui, je l'avoue! C'est moi, qui ai;4335;;0
04;;Aïe!;3283;;0
04;;Aïe! oh! que c'est bête!;3540;;0
07;;Aie!... (A part.) Ah !... non, en voilà assez !...;2043;;0
08;;` Aie! | |;4201;;0
10;;Aïe ! Qu’est-ce que font ces épées dans la mairie ?;995;;0
10;;Aie !… Ah ! là ! là !;1437;;0
100;1;Air nouveau de M. KERIESEL;62;Air nouveau de M. KERIESEL";1
100;2;Air. nouveau dé M. KERESEL;82;Air nouveau de M. KERIESEL";1
100;3;AIR : Quand vous verrez tomber.;184;Air : Quand vous verrez tomber;1
100;4;AIR :=J'ai des nerfs comme une femme,;395;Air : J'ai des nerfs comme une femme;1
100;5;ÀIR :=Ma fille veut être aquetrice, `;482;Air : Ma fille veut être actrice;1
100;6;ÂIR :=Ah! c’est trop d fable f;710;Air : Ah! C'est trop de fable;1
100;7;ÀIR:=Au fond, le mien était bonhomme,;754;AIR : Tenez moi je suis un bonhomme.;1
100;8;AIR :=Les enfants de la Canebière,;942;Air :  Les enfants de la Canebière;1
100;9;AIR :=Vous le voyez, je renonce à la gloire,;1201;Air : Vus le voyez, je renonce à la gloire;1
101;1;AIR=Source gallica.bnf.fr / Bibliothèque nationale de France;8;AIR : Ah ! de quel souvenir affreux.;1
101;;ÀIR : AR rester, troupe jolie.;620;;0
101;;Âln nouveau da M, More;868;;0
101;;Aïn : En proie au chagrin qui me tue, (Gardes-Marine, };1381;;0
101;;Ala CS heure..,car, Dieu merci, Lu es un homme maintenant...;1465;;0
101;;Ain d'Aristippe.;1517;;0
101;;Air de T'éniers.;2379;;0
101;;Air de l’Aveu d'une femme (Amédée de Beauplan).;2861;;0
101;;. Arr : J'en guette un petit de mon âge.;3125;;0
101;;Ain : Pitié, madame, (Loïsa Puget.);4149;;0
101;;Ain: Sous le chaume qui m'a vu naître, ( GRO dé;4617;;0
102;1;Arr de Partie et revanche,;179;AIR de Partie et Revanche.;1
102;2;CHOEUR. |=Clouide. |;685;CHOEUR.;1
102;;| Atn: >" * | !;1018;;0
102;3;Arn dle Vouloir c'est pouvoir,;1838;Air de Vouloir c'est pouvoir;1
102;4;Arn: Dans vatre demenre, avorsrnians A;1916;Air : Dans votre demeure;1
102;5;Ain: Prenda la raison pour guide,;2615;Air : Prendra la raison pour guide;1
102;6;Ain des Amarôncs.;3099;Air des Amazônes.;1
102;7;CHOEUR FINAL.;3220;Final.;1
102;8;Asa : Pour le trouver, j'arrive en Alleriagne, (Yatva.);3230;AIR : Pour le trouver j'arrive en Allemagne (d'YELVA).;1
103;1;Ain de Céline.;502;AIR de Céline.;1
103;2;Aun : Son RORI,;737;Air :;1
103;3;Ain de d'Artiste.;948;AIR de l'Artiste.;1
103;4;Air des Frères de lait.;1370;AIR des Frères de lait.;1
103;5;Ain du Pré aux Clercs,;1854;Air du Pré aux Clercs;1
103;6;Arn d’ Yelva,;1902;AIR d'Yelva.;1
103;7;Ain: L'aven d'une femme (Amédée de Beauplan).;1996;Air : L'aveu d'une femme (Amédée de Beauplan);1
103;8;Ain : Elle à plerré (M, de la Guériviere),;2714;Air : Elle a pleuré.;1
103;9;Ain : Aux braves hussards du denxitme.;3384;AIR : Au brave hussard du deuxième.;1
104;1;Ain de Céline.;502;Air de Céline.;1
104;2;Aun : Son RORI,;737;Air:;1
104;3;Ain de d'Artiste.;948;AIR de l'Artiste.;1
104;4;Air des Frères de lait.;1370;AIR des Frères de lait.;1
104;5;Ain du Pré aux Clercs,;1854;Air du Pré aux Clercs;1
104;6;Arn d’ Yelva,;1902;AIR d'Yelva.;1
104;7;Ain: L'aven d'une femme (Amédée de Beauplan).;1996;Air : L'aveu d'une femme (Amédée Beauplan);1
104;8;Ain : Elle à plerré (M, de la Guériviere),;2714;Air : Elle a pleuré.;1
104;9;Ain : Aux braves hussards du denxitme.;3384;AIR : Au brave hussard du deuxième.;1
106;1;Air d'Yelva.;712;AIR d'Yelva.;1
106;2;Air d'Arishippe.;795;AIR d'Aristippe.;1
106;3;Air : Vaudeville de Papothicaire.;893;Air du Vaudeville de l'Apothicaire.;1
106;4;Aur de la Robe et les Bottes.;1344;AIR de la Robe et les Bottes.;1
106;;Ass, |;1813;;0
106;5;CHOEUR.=S s disiez vrai, mademoiselle (Pensionnaire;2915;;1
106;6;CHOEUR FINAL,;3864;;1
106;7;Air du Chœur final de Dieu vous bénisse (Palais-Royal).;3866;Chœur final de Dieu vous bénisse (Palais-Royal);1
107;1;Air. Ah! ah! 110!;562;AIR : ah ! ah !;1
107;2;Ain.=I Bientôt la vive ritournelle;712;Air : Bientôt la vive ritournelle;1
107;3;Ain & valse de Mikachis;1274;Air de Michel et Christine.;1
107;4;Ain : d’Anstippe.;2953;Air : d'Aristippe.;1
108;1;Aun , Prenons garde ,silence (Graine de Lin }. a : s s;74;Air : Prenons garde;1
108;2;Ain : du Dieu et la Bayadére,;284;Air : du Dieu et la Bayadère.;1
108;;| Aïe !..… (Haut.) Ca peut être!... Après out,;938;;0
108;3;Air y de $6 moins un.;1505;;1
108;4;Ain de Dorhe daas l'rtase,;2360;Air de Doche;1
108;5;Aus final du premier acte de d'Hôtel de Rambouills,;2442;Air final du premier acte de d'Hôtel de Rambouillet;1
108;6;Ain : on siège de Corinthe.;2677;AIR : Du Siège de Corinthe.;1
108;7;Ain : Inésille , qu'elle est gentille, { Domino noir, };3009;;1
108;8;Aun : Loi nous accourons, Hosper ca;4062;;1
108;9;Aun : Le trouble et la frayeur, smart. du Domino Nair. |;4189;Air : Le trouble et la frayeur (du Domino Noir);1
108;10;Ain: dé l'Orpheline (Loisa Puget).;4564;Air: de l'Orpheline (Loïsa Puget);1
108;11;Ain de M: Doche dans l'Estat. ,;5517;Air de M. Doche;1
108;12;Aun : De votre bonté généreuse.;5847;AIR : De votre bonté généreuse.;1
109;1;Are du Veudus;1012;Air du Vendu;1
109;2;Aus : Sonnons.;1144;Air : Sonnons;1
109;3;Ara de Doche.;1689;AIR de Doche.;1
109;;Aïe! aïe!;1928;;0
109;4;Aus de Doche, z;2109;AIR de Doche.;1
109;5;Arn : Connaissez mieux le grand Eugène,;2275;Air : Connaissez mieux le grand Eugène.;1
109;6;Ain de l'Extase.;2345;Air de l'Estat;1
109;7;Ain : Elle est folle.;2695;Air : Elle est folle;1
109;8;Ain : combien j'ai douce souvenance,;2939;Air : Combien j'ai douce souvenance;1
109;9;Amn: Mais n'est-ce pirs la ritournelle,;2968;Air : Mais n'est-ce pire la ritournelle;1
109;10;Ain de Doce.;3477;AIR de Doche.;1
109;11;Ain: À bientôt, au revoir.;3892;Air : À bientôt, au revoir.;1
109;12;Aus de Colalte,;4394;AIR de Colalto.;1
109;13;Ain : Sonnez.;4428;AIR : Sonnez, sonnez, sonnez cors et musettes !;1
11;;Aïe !;1853;;0
110;1;Air: Romance de Follette, (4 ZAys;148;AIR : Romance de Ketly.;1
110;2;Air: des Farfadets.;272;Air : des Farfadets;1
110;3;Air : de la Polka,;324;Air : de la Polka;1
110;4;Air : de la jolie fille de Gand.;636;Air : de la jolie fille de Gand.;1
110;5;Air I vaudevillefde l'Apothicuire.;809;Air du Vaudeville de l'Apothicaire.;1
110;6;Air : Restez, die jtoupe jolie.;1055;AIR : Restez, troupe jolie.;1
110;7;Air . de Téniers,;1254;AIR : De Téniers.;1
110;8;Air: Serait-ce l'ami que sans cesse, virile à Bedlam.;1437;Air : serait-ce l'ami que sans cesse (Bedlam);1
110;9;Air : nouvenu de M. À. Doche,.;1602;AIR nouveau de M. Doche.;1
110;10;Air : de M. A. Doche.;1752;AIR de M. Doche.;1
110;11;Air : de M. À, Doche, un mysiere.;1829;Air de M. Doche.;1
110;12;Air : de la Sirène.;1880;Air e la Sirène;1
110;13;Air : J'en guette un petit de mon âge.;1963;AIR : J'en guette un petit de mon âge.;1
110;14;Air: du Dieu et la Baradère.;2107;AIR du Dieu et la Bayadère.;1
110;15;Air : Rien de plus charmant, Srian. ikat sun;2246;Air : C'est charmant.;1
110;16;Air: de l'Angélus,;2342;AIR de l'Angélus.;1
110;17;Air : de Micheline.;2373;Air : de Michelin;1
110;18;Air: da Psyché.;2433;AIR de Psyché.;1
110;19;Air : à l'âge heureux de 14 ans.;2525;AIR : À l'âge heureux de quatorze ans.;1
110;20;Air « du Carlin de la sie :;2584;AIR de Carline.;1
111;;Aïe ! mais quoi donc? Mais quoi?;3224;;0
113;1;Aie Rouen, rtea, troupe jolie.;411;Air : Restez, restez, troupe jolie.;1
114;1;Air : Du Juth galant, U;350;Air : Ce luth galant.;1
114;;„AJA. Vous m'avez parlé de jolis garçons et;830;;0
114;2;Air: : de Wallace, . HUE;1293;Air de Wallace.;1
114;3;Air : Je loge au quatrième étages;1675;AIR : Je loge au quatrième étage.;1
114;4;Air : de Gastibelza, =;1831;Air de Gastibelza;1
114;5;Àir : De Lantara (h que de chagrin dans la vie);1870;Air : Ah ! que de chagrins dans ma vie.;1
114;6;Air% Adieu, je vous fuis bois charmant,” 4;2200;AIR : Adieu, je vous fuis, bois charmant.;1
114;;: AJA (allant à la glace). C'est drôle, je m'étais;2646;;0
114;7;-> Air.: De sommeiller encore ma chère, sa ;3270;AIR : De sommeiller encore.;1
114;8;Air: De la eorde sensible,;3314;Air : de la corde sensible;1
115;1;AIR : Au temps heurcuz.;300;AIR : Au temps heureux de la chevalerie.;1
115;2;AIR des frères de lait,;590;AIR des Frères de lait.;1
115;3;A1r du Trompette de Marengo {Gentil-Bernard).;872;Air de la Trompette de Marengo;1
115;4;A1R du Soleil de Bretague.;972;Air du Soleil de Bretagne;1
115;5;AIR: Tonnelle Jolie.;1115;Air : Tonnelle Jolie;1
115;6;ÀIR: de V Anonyme.;1237;AIR de l'Anonyme.;1
115;7;ÂIR : Prenez-y garde,;1283;AIR : Garde à vous.;1
115;8;AIR : des Carrières de Montmartre.;1613;AIR : des Carrières de Montmartre.;1
116;1;Air du Gendre aux Épinards.;157;Air du Gendre aux Épinards.;1
116;2;Air de Calpigi.;606;AIR de Calpigi.;1
116;3;Air des Mousquetaires.;1135;Air des Mousquetaires;1
116;4;Air de Farinelli.;1304;AIR de Farinelli.;1
116;5;: Air de Farinslli.;1396;AIR de Farinelli.;1
116;6;Air : Valse du petit François (vx BEAUPLAN).;1488;Air : Valse du petit François (Beauplan);1
116;7;Air du Luth galant. 7;1706;AIR du luth galant.;1
117;1;. Air nouveau de M. Manius BouLano.;722;Air nouveau de M. Marius Boulano;1
117;2;COUPLETS.;883;COUPLET;1
117;3;Air nouveau de M. Manius PouLann.;884;;1
117;;Air : Tyrolienns de lascène VI (manius souLanp). |;1851;;0
117;;Ane murt.;6607;;0
117;;Atn du Mari, enmedie...;9675;;0
117;;Ara MO Hé, COMC...;9678;;0
118;1;Air de l’Enflammé 4. de Villebichot.;1406;Air de l'Enflammé;1
118;;Aïe!..j'ai des crampes !..;2374;;0
118;;Aïe ! vous me tirez les chcveux!;3312;;0
118;;Aïe!;3367;;0
118;2;Air nouveau de M. Villebichot.;4137;Air nouveau de Villebichot;1
118;3;Air du Petit Ebéniste.;5136;Air du Petit Ebéniste;1
119;1;Air : deuxième acte dg la Grande Duchesse.;437;Air : deuxième acte de la Grande Duchesse;1
119;;Âïe!…;982;;0
119;;Aïe!;2116;;0
119;2;Air : Nous le tenons et dès ce soir. (Grande Duchesse de;2150;Air : Nous le tenons et dès ce soir (Grande Duchesse);1
12;;Aîe ! Je me suis échaudé la main ! Il ne peut pas rester dans sa cafetière, celui-là !… (Déposant;58;;0
12;;Aïe !;1947;;0
120;1;AIR :=C’est abominable;1201;AIR : Ah ! c'est affreux ! ah ! c'est abominable !;1
120;2;AIR :=Je ne sais pourquoi je tâtonne,;1277;Air : Je ne sais pourquoi je tâtonne;1
120;3;Air : du Charlatanisme.;1915;AIR du Charlatanisme.;1
120;;CHOEUR FINAL.;1940;;0
120;4;Air: Aimable espérance. (Du Caïd.);1942;Air: Aimable espérance. (Du Caïd.);1
121;;Aïe 1... ils se chamaillent même en dormant...;180;;0
121;1;Air nouveau de Gevaêrt,;432;Air nouveau de Gevaêrt;1
121;;* Ant, Bons, Casc.;527;;0
121;;* Ant, Bons.;662;;0
121;2;Air ge Bibi-Bamban (Offenbach).;696;Air de Bibi-Bamban (Offenbach);1
121;3;Air de Bibi-Bamban (d'Offenbach.);1061;Air de Bibi-Bamban (Offenbach);1
121;;** Ant, Bons, Casc,;1265;;0
121;;* Ant, Bons,;1327;;0
121;;* Ant. Pol. Bons.;1424;;0
121;4;Air de la Tarentelle napolitaine (Rossini),;1464;AIR de la Tarentelle.;1
121;;** Ant. Bons, Pol.;1601;;0
121;;*** Ant, Emm.;1602;;0
121;5;Air de Tagliafico.;1647;Air de Tagliafico;1
121;;** Ant, Bons.;1804;;0
121;6;Air de la Tarentelle.;2102;AIR de la Tarentelle.;1
122;;Aïe!;1221;;0
123;1;AIR des Anguilles et des Jeunes Filles.;308;AIR des Anguilles.;1
123;2;Arr du Code et l'Amour.;385;AIR : du Code et l'Amour.;1
123;3;Arr de : Chaleur féconde [Montaubry), ou : C'est sur l'herbage (Margot).;486;Air de Chaleur féconde ou C'est sur l'herbage.;1
123;4;A1R de l'Apothicaire.;581;AIR de l'Apothicaire.;1
123;5;AIR : Qu'une heureuse rencontre (Sirène);783;Air : Sirène;1
123;6;AIR: À ma belle, soudain (du Caïd).;1053;AIR: À ma belle, soudain (du Caïd).;1
123;7;Air des Enfers de Paris,;1686;Air des Enfers de Paris;1
123;8;AIR : Ainsi que vous (d'Haydée).;1772;AIR : Ainsi que vous (d'Haydée);1
123;9;FINAL.;2025;Final.;1
123;10;AIR des Enfers de Paris.;2027;AIR des Enfers de Paris.;1
124;1;Air : Je viens de voir notre comtesse (Léocadie).;659;AIR : Je viens de voir notre comtesse (de Léocadie.);1
124;2;Air: Au temps heureux de la chevalerie,;978;Air : Au temps heureux de la chevalerie.;1
124;3;Air de la Syrène.;1334;Air de la Syrène;1
124;4;Air: Quel repas aimable (Du. baran de Gastel-;1593;AIR : Quel repas !;1
124;5;Air du Premier pr x,;1646;AIR du Premier Prix.;1
124;;Aïe!;1734;;0
124;6;Air nouveau de M. Montaubry,;1772;Air nouveau de Montaubry;1
124;7;Air du vaudeville de Vadé à la Grenouillère.;1917;AIR du Vaudeville de Vadé à la Grenouillère.;1
124;8;Air : Finale du° premier acte de Renaudin de Caen.;1964;Air : Final du premier acte de Renaudin de Caen;1
124;9;Air de Préville et Taconnet.;2118;AIR de Préville et Taconnet.;1
124;10;CHOEUR.=Air: Finale de la clé dans le dos. (Polka de;2178;Air: Finale de la clé dans le dos.;1
124;11;CHŒUR.=Air de Doohe.;2447;Air : de Doche.;1
124;12;Air: Eh bien! le roi me rendra mon baiser. (Ni-;2924;Air: Eh bien! le roi me rendra mon baiser.;1
124;13;Air de Dôche,;2986;AIR de Doche.;1
124;14;Air de la Robe et des Bottes.;3169;AIR de la Robe et des Bottes.;1
124;15;Air : Qu'a-t-il donc? (Chemin de traverse.);3483;"Air : Qu'a-t-il donc? (Chemin de traverse.);1
124;16;Air de La Sentinelle,;3946;Air de la Sentinelle.;1
124;17;Air: Ces postillons sont d'une maladresse,;4184;AIR : Ces postillons sont d'une maladresse.;1
124;18;Air de Renaud de Montauban.;4306;AIR de Renaud de Montauban.;1
124;19;Air de La Dame blanche, (1° acte.);4461;AIR de la Dame Blanche.;1
124;20;CHOEUR. Si devant vous cet esprit de famille, bis.;4566;Si devant vous cet esprit de famille;1
124;21;Air des Diamants de la Couronne.;4569;Air des Diamants de la Couronne.;1
125;1;Air : Le choix que fait tout le village.;282;AIR : Le choix que fait tout le village.;1
125;2;Air : De sommeiller encore, ma chére.;461;Air : De sommeiller encor, ma chère.;1
125;3;Air: Et voilà comme tout s'arrange.;579;AIR : Et voilà comme tout s'arrange !;1
125;4;Air du Code et l'amour.;1280;AIR : du Code et l'Amour.;1
125;5;Air : O ciel! quelle aventure. (Un Monsieur et une;1710;AIR : Quelle singulière aventure.;1
125;6;CHOEUR.=Air de Couder,;2329;Air de Couder.;1
125;;Ala recheérchħeddun Millidh! nov” £;3026;;0
126;1;Air d’Yelva.;150;AIR d'Yelva.;1
126;2;Ain : Je sais attacher des rubans.;528;AIR : Je sais attacher des rubans.;1
126;3;Air : Ces postillons sont d’une maladresse.;688;AIR : Ces postillons sont d'une maladresse.;1
126;4;Ain de la Robe et des Bottes.;1101;AIR de la Robe et des Bottes.;1
126;5;Air : Aux tèmps heureux de la Chevalerie.;1453;AIR : Aux temps heureux de la chevalerie.;1
126;6;Aie : {me faudra quitter l’Empire.;1550;Air : Il me faudra quitter l'Empire.;1
126;7;Aie de M. Docke.;1661;AIR de M. Doche.;1
126;8;Ain : Certains soncis oppressent, ete. (Grand Palatin.);1899;Air : Certains soucis oppressent;1
126;;Are interdit et convaincu malgré lui.;1914;;0
126;9;Air :=ACATHE.;2216;Air :;1
126;10;Ain : Amis, jamais chagrin n’m’approche.;2467;AIR : Ami ! jamais l'chagrin n'm'approche.;1
126;11;Ain : Quand je le vois, la peur me gagne. (Impression;2653;Air :  Quand je le vois, la peur me gagne.;1
126;12;Ain : La voix de la patrie.;2714;AIR : La voix de la patrie.;1
126;13;Ain  Allez retrouver votre père.;2858;Air : Allez retrouver votre père;1
126;14;Air de Téniers.;3164;AIR de Téniers.;1
126;15;Air : Mon cœur bat, il s’élance, il palpite.;3496;Air : Mon cœur bat, il s’élance, il palpite.;1
126;16;Ain : Walse de Strauss.;3695;Air : Walse de Strauss;1
126;17;Ain : Aux braves hussards du deuxième.;4127;AIR : Au brave hussard du deuxième.;1
126;18;Air de Fleuretle. (Muse Loïsa Puget.);4265;Air de Fleurette ( Loïsa Puget.);1
127;1;Air : Giovinette, (Don Juan.);157;Air : Giovinette (Don Juan.);1
127;2;| Air : De Mazaniello. , `;404;AIR : De Mazaniello.;1
127;3;Ain : Le Luth galant.;1117;AIR : Le luth galant.;1
127;4;CHŒUR.=Ain : du galop de Gustave.;1641;Air : : du galop de Gustave.;1
127;5;Air : De la Somnambule.;1844;AIR de La Somnambule mariée.;1
127;6;AiR: Du baiser au Porteur.;2178;AIR du Baiser au Porteur.;1
127;7;Air : Ces postillons sont d'une maladresse.;2254;AIR : Ces postillons sont d'une maladresse.;1
127;8;, AiR: Voilà, voilà tout le secret..;2529;AIR : Et voilà tout ce que je sais.;1
127;9;CHŒUR.=Air: Polka de M. Etiling.;2776;Air : Polka d'Ettling;1
127;10;AIR : Amis, voici la riante semaine.;2789;AIR : Amis, voici la riante semaine.;1
128;1;Arn de la Somnamile.;374;Air Vaud. de la Somnambule.;1
128;2;Ain de PApothicaire.;1140;AIR de l'Apothicaire.;1
128;3;Arr du Baiser au porteur.;1225;AIR du Baiser au Porteur.;1
128;4;AIR de sommeiller encor, ma chère,;1336;Air : De sommeiller encor, ma chère.;1
128;5;Arn : Garde à vous. (Fiancée.);1698;Air : Garde à vous.;1
128;6;Ann : Elle a truhi ses sermens ct sa foi.;1880;Air : Elle a trahi ses sermens.;1
128;7;CHOEUR FINAL.;2901;CHOEUR FINAL;1
128;8;Ain du chœur des Bardes de la Dame du Lac.;2902;AIR de la Dame du Lac.;1
129;1;Air: On dit partout que la comtesse. (Jacquemin.;242;Air: On dit partout que la comtesse. (Jacquemin).;1
129;2;Air: ces Postillons sont d'une maladresse,;486;AIR : Ces postillons sont d'une maladresse.;1
129;3;Air: Tendres échos, crrant dans ces vallons,;814;AIR : Tendres échos errants dans ces vallons.;1
129;4;Air: Amis, vo cé la riante sema'n-.;1251;Air : Amis, voici la riante semaine.;1
129;5;CHŒUR.=Je suis sauvé !;1567;Air : Je suis sauvé !;1
129;6;Air: Chœur du final du premier acte du Plastron,;1603;Air: Chœur du final du premier acte du Plastron;1
129;7;CHŒUR.=Méme air,;1690;Air: Chœur du final du premier acte du Plastron;1
129;8;Air : le Seigneur et les Hirondelles,;1724;Air : le Seigneur et les Hirondelles;1
129;9;Air : nouveau de monsieur Docks.;2149;Air nouveau de M. Doche.;1
129;10;Air : Certains soucis oppressent ma pensée, (grand;2247;Air : Certains soucis oppressent ma pensée;1
129;11;Air : Sur mes tapis de Perse, (Masest.);3058;Air : Sur mes tapis de Perse, (Masest.);1
129;12;Air : Au temps heureuz de la Chevalerie.;3278;Air : Au temps heureux de la chevalerie.;1
129;;couplet en pleurant et va tomber en pronongant;3296;;0
129;13;CHŒUR.=Air : nouveau de Doche.;3722;AIR nouveau de Doche.;1
129;14;Air: des Frères de lait.;3759;AIR des Frères de lait.;1
13;;Aïe donc !… missionnaires !…;1435;;0
13;1;chœur de Robert le Diable :;3620;AIR : Chœur des buveurs de Robert-le-Diable.;1
130;;AIE;111;;0
130;1;Air de Julie.;235;AIR de Julie.;1
130;2;Air: Tous les méchants sont buveurs d’eau.;321;Air: Tous les méchants sont buveurs d’eau.;1
130;3;Air de M. J. Nargeot.;1096;Air de M. J. Nargeot.;1
130;4;Air : Un homme, pour faire un tableau... |;1200;Air : Un homme pour faire un tableau,;1
130;5;Air d'Aristippe.;1456;AIR d'Aristippe.;1
130;6;CHŒUR.=Air de la Filleule à Nicot. (Nargeot. );1980;Air de la Filleule à Nicot. (Nargeot. );1
131;1;Air: Amis, voici la riante semaine.;219;AIR : Amis, voici la riante semaine.;1
131;2;Air : Ces postillons sont d'une maladresse !;373;AIR : Ces postillons sont d'une maladresse.;1
131;3;Air : Grand Dieu quelle aventure.;674;Air : Grand Dieu quelle aventure.;1
131;4;Air : Bons voyageurs (du SERMENT).;822;Air : Bons voyageurs (du SERMENT).;1
131;5;Air du Jour des noces.;967;Air du Vaudeville du jour des Noces.;1
131;6;Air : Restez, restes, troupe jolie.;1356;AIR : Restez, restez, troupe jolie.;1
131;7;Air du vaudeville de Renaudin de Caen.;2152;Air du vaudeville de Renaudin de Caen.;1
133;1;Air de la Partie carrée.;215;Air de la Partie carrée.;1
133;2;Air du Triolet bleu (PALAIS-ROYAL).;387;Air du Triolet bleu (PALAIS-ROYAL).;1
133;3;Air de Lantara.;648;AIR de Lantara.;1
133;4;Air des Trois loges.;762;Air des Trois loges.;1
133;5;Air des Mousquetaires.;972;Air des Mousquetaires.;1
133;6;Air de Voltaire chez madame de Sévigné,;1067;Air de Voltaire chez madame de Sévigné;1
133;7;CHŒUR DE SORTIE.;1216;;1
133;8;Air d'uervé. (Un Drame en 1719, Th. Déjazet.);1217;;1
133;9;Air : Restez troupe jolie.;1642;AIR : Restez, troupe jolie.;1
133;10;Air : En braves hussards du 5°.;2104;AIR : Au brave hussard du deuxième.;1
133;11;CHŒUR. `=Air : Un Draïne en 1719.;2149;;1
133;12;Air : Il me faudra quitter Vempire.;2163;AIR : Il me faudra quitter l'empire.;1
134;1;Air de l’Elisir.;272;Air de l’Elisir.;1
134;2;Arn des trois loges.;409;Air des trois loges;1
134;3;Air: de Robillard. (Carnaval des troupiers.);621;Air: de Robillard. (Carnaval des troupiers.)";1
134;4;AIR de Dunanan.;784;AIR de Dunanan.;1
134;5;AIR de Monpou.;998;"AIR de Monpou.;1
134;6;AtR : de Dunanan.;2108;Air : de Dunanan;1
134;7;CHOEUR.=Ici plus de nuage,;2149;;1
135;1;Air: de la Chatte merveilteuse.;261;Air : de la Chatte merveilleuse;1
135;2;Air : Adicu, je vous fuis, bois charmant, ,;329;AIR : Adieu, je vous fuis, bois charmant.;1
135;3;Air : V'la c’ que c’est d’aller au bois.;405;AIR : V'là c' que c'est qu' d'aller au bois.;1
135;4;Atn : de Croquefer.;468;Air : de Croquefer;1
135;5;Air : des Mousqueta.res de la Reine;963;Air : des Mousquetaires de la Reine;1
135;6;AIR : des Fiambards;1234;AIR : des Fiambards;1
135;7;Air : de la Chatte merveilleuse (premier acte.);1346;Air : de la Chatte merveilleuse;1
135;;Aïe! aïel aïe!;1741;;0
135;8;AIR. Connaissez mieux le Prince Eugène.;1754;Air : Connaissez mieux le grand Eugène.;1
135;9;Ain: de gnon, gnon.;1863;Air :  de gnon, gnon.;1
136;1;Air des Enfants terribles.;226;Air des Enfants terribles;1
136;2;Air : `=Je suis, monsieur, fille d’un doge;539;Air : Je suis, monsieur, fille d’un doge;1
136;3;CHŒUR.=Air :;584;Air :;1
136;;CHŒUR REPRISE,;603;;0
136;4;Air nouveau de MANGEANT.;697;Air nouveau de MANGEANT.;1
136;5;Air d’Yelva.;887;AIR d'Yelva.;1
136;6;Air des Barbettes.;964;Air des Barbettes;1
136;7;Air de MANGEANT.;1032;Air nouveau de MANGEANT.;1
136;8;Air de l’Ecu de six francs.;1439;AIR de l'Écu de six francs.;1
136;9;Air : Koukouli (MANGEANT).;1495;;1
136;10;Air du Cabaret.;1625;AIR du Cabaret.;1
136;;Ate!.. Tai la guigne!;1775;;0
136;11;Air de Gastibelza.;1874;Air de Gastibelza;1
136;12;Air de Nabucco.;2090;Air de Nabucco;1
136;13;Air : Finale du 1v acte de Mimi Bamboche.;2366;Air : Finale du 1v acte de Mimi Bamboche.;1
136;14;CHŒUR,=Air :;2478;Air :;1
136;15;Air: ` |=Vite, en route!;2617;Air : Vite, en route !;1
136;16;Air de la Casquette.;2675;Air de la Casquette;1
136;17;Air de l'Etoile du Nord.;2776;Air de l'Etoile du Nord.;1
136;;Aïe l... mon ognon !;2844;;0
136;18;Air :=Ah! quelle heureuse aventure!;2881;AIR : Quelle singulière aventure.;1
136;19;CHŒUR FINAL.;3201;;1
136;20;Air dü Rondeau du premier acte.;3202;;1
136;;CHŒUR.;3218;;0
137;1;AIR du Partage de la richesse.;207;AIR du partage de la Richesse.;1
137;2;ÁIR :=Quand pour vous tout s'apprête, Quand pour moi tout s’appréle,;319;Air :  Quand pour vous tout s'apprête;1
137;3;AIR: Il me faudra quilter l'empire.;635;AIR : Il me faudra quitter l'empire.;1
137;;Alt...;694;;0
137;4;ÀIR :=Allez dans la serre nouvelle,;808;Air : Allez dans la serre nouvelle;1
137;5;ÁIR:=Son ami l'irrite et l’agace;1222;Air : Son ami l'irrite et l’agace;1
137;6;AIR de Mangeant.;1520;Air de Mangeant;1
137;;Ait ah!;1527;;0
137;7;AIR de Mangeant.;1635;AIR de Mangeant;1
137;8;CHOEUR.=AIR:;1904;Air :;1
137;9;Ain : Vaudeville de Préville et Taconnet.;1913;AIR : Vaudeville de Préville et Taconnet.;1
138;1;Air de lOde au chameau. (BELBOUL. — FoliEs-NOUVELLES.);385;Air de l'ode au chameau;1
138;2;^ Air du quadrille des Petits prodiges.;662;Air du quadrille des petits prodiges;1
138;3;Air de la Bavarde (PAUL HENRO).;784;Air de la Bavarde;1
138;4;Air : Orphée.;1428;Air : Orphée.;1
138;5;Air du Chemin de fer (Parizor.);1703;Air du chemin de fer;1
138;6;Air : Vive la mitraille (HAYDEE).;1940;Air : Vive la mitraille (HAYDEE);1
138;7;CHŒUR.=Voilà ce qu'on n'eùt pu prédire...;2284;Voilà ce qu'on n'eùt pu prédire...;1
138;8;. Air de Préville et Taconnet.;2291;AIR de Préville et Taconnet.;1
140;1;AIR de Calpigi.;178;AIR de Calpigi.;1
140;;âme sœur de mon âme ! pour un sourire d'elle ! pour un mot d'elle !;235;;0
140;2;AIR de Guido.;240;Air de Guido;1
140;3;AIR : Quand on ne dort [pas de la nuit.;336;AIR : Quand on ne dort pas de la nuit.;1
140;4;AIR :=Je vous quitte Partez vite,;492;Air : Adieu donc, adieu, madame.;1
140;5;ÀIR :=Enfin, grâce à son zèle, Enfin, grâce à mon zèle,;695;;1
140;6;AIR de Mangeant.;779;Air de Mangeant;1
140;7;CHŒUR.=Ain de la Piémontaise.;1374;Air de la Piémontaise;1
140;8;AiR de mademoiselle Garcin.,;1427;Air de Madame Garcin;1
141;1;AIR du Cháteau perdu.;175;AIR du Château perdu.;1
141;2;AIR de l'Ecu de six francs.;376;AIR de l'Écu de six francs.;1
141;3;ÂIR :=Cachons notre embarras : Voyez leur embarras :;418;Air : Cachons notre embarras;1
141;4;AIR de Madame Favart.;666;Air de Madame Favart;1
141;5;AIR de la Polka des fleurs.;1136;AIR du Pot de fleurs.;1
141;;Aïe!;1609;;0
141;6;AIR du Roi des drôles (J. Nargeot).;1734;AIR du Roi des drôles (J. Nargeot).;1
141;;Aïe!... Aïe! (Haut et embarrassée.) Le grand jeune homme ?.…;1788;;0
141;7;ÀIR de Za Vieille,;2002;AIR de la Vieille.;1
142;1;Air de la Fricassée.;119;AIR de la Fricassée.;1
142;2;Air de Sátdhnb Lağier. (LA Prestar bu Pantzu.);294;;1
142;3;CHŒUR,=Atr tonnu.;397;AIR connu.;1
142;;Air consacré,;547;;0
142;4;Air du galop de Gustave.;648;AIR du Galop.;1
142;5;Air de la valse du Pardon.;681;Air du Pardon;1
142;6;Air connu.;700;AIR connu.;1
142;7;Air des Canotiers.;710;Air des Canotiers;1
142;8;Air du Conscrit de Montrouge.;731;Air du Conscrit de Montrouge.;1
142;9;Air : Valse de Rosita.;757;Air : Valse de Rosita.;1
142;10;Air connu.;767;AIR connu.;1
142;11;Air des Deuz Aveugles.;877;Air des Deux Aveugles;1
142;12;Air du Comte Ory.;934;AIR du Comte Ory.;1
142;13;Air de Castilbelza. :;939;Air de Gastibelza;1
142;14;Air du Voyage aérien. ^;952;Air du Voyage aérien;1
142;15;Air : Fortunio.;1003;Air : Fortunio.;1
142;;CHŒUR,;1006;;0
142;16;Air des Canotiers.,;1120;Air des Canotiers;1
142;17;Air du Quadrille d'Orphée.;1146;Air du Quadrille d'Orphée;1
142;18;FINALE.=Air de Moxtausry. (Semaine à Londres.);1246;Air de Montaubry;1
142;19;CHŒUR.=Là-bas, là-bas? (bis);1302;;1
142;;CHŒUR.;1315;;0
142;20;CHŒUR.=Air : riltournelle de l’Ours et le Débardéur.;1377; Air : ritournelle de l'Ours et le Débardeur;1
142;21;Air nouveau de M. Vicron Caéni.;1528;Air nouveau de M. Vicron Caéni.;1
142;22;CHŒUR.=A, b, à, ù?;1602;;1
142;23;Air : Ma Nièce et mon Ours.;1682;Air : Ma Nièce et mon Ours;1
142;24;CHOEUR,=Air : Polka d'Arban.;1904;Air : Polka d'Arban;1
142;25;Air du Pas de Zéphyr,;2010;Air du Pas de Zéphir;1
142;26;Air: Polichinelle a ce matin (J. Nanceor, Fille du Diab!e).;2095;Air : Polichinelle;1
142;27;Air de Laurent de Rillé.;2156;Air de Laurent de Rillé.;1
142;28;Air des Diamants de la Couronne.;2386;Air des Diamants de la Couronne.;1
142;29;Air nouveau de M. Victron -CHÉa1.;2457;AIR nouveau.;1
142;30;CHŒUR.=Air de {a Marche du Tannhauser.;2501;Air de la Marche de Tannhauser;1
142;31;Air de la Complainte du Pont des Soupirs.;2608;Air de la Complainte du Pont des Soupirs.;1
142;32;Air nouveau de M, Vicron Cufnt,;2929;AIR nouveau.;1
142;33;Ain de Ma Chaumière.;3682;Air de ma Chaumière;1
142;34;Ain des Brodequins de Lise.;3771;Air des brodequins de Lise;1
142;35;Ain  Par V Amitié.;3849;AIR : En amour comme en amitié.;1
142;36;Arr de M. NanGEOT.;3992;Air de M. Nargeot;1
142;37;Air de M. J. NARG¥OT.;4344;Air de Nargeot;1
142;38;Air du Fil de la Vierge.;4490;Air du Fil de la Vierge;1
142;39;Air : Restez, restez, troupe jolie.;4525;AIR : Restez, restez, troupe jolie.;1
142;;Aïe!..,;4667;;0
142;40;Air : Vaudeville de la Petite-Sœur.;4676;Air du Vaudeville de la Petite Sœur.;1
142;41;Air de Carabins et Carabines.;4782;AIR des Carabiniers.;1
142;42;Air de l'Apothicaére,;5070;AIR de l'Apothicaire.;1
142;43;Air de la Tentation de saint Antoine.;5150;AIR de la Tentation.;1
142;44;Air des Jolis Pantins. (ABADIE.);5285;Air des jolis Pantins;1
143;1;AIR     Quadrille du Serpent à plumes .;331;Air : Quadrille du Serpent à plumes;1
143;2;AIR de polka.;444;Air de Polka;1
143;3;AIR de quadrille.;918;Air de quadrille;1
143;4;AIR de Madame Favart.;1519;AIR de Madame Favart.;1
144;1;Air du Piano de Berthe.;215;Air du Piano de Berthe.;1
144;2;Air    : Quand j'étais roi de Béotie {ORPHÉE).;351;Air : Quand j'étais roi de Béotie;1
144;3;Air des Lorettes (MIMI-BAMBOCHE.);586;Air des Lorettes (MIMI-BAMBOCHE.)";1
144;4;Air de l'Etude.;646;Air de l'Etude.;1
144;5;Air du Pas styrien.;898;Air du Pas styrien.;1
144;6;Air nouveau de M. DELIBES.;1001;Air nouveau de M. DELIBES.;1
144;7;Air de DELIBES.;1380;Air nouveau de M. DELIBES.;1
144;8;Air de Fanfare le Trompette.;1472;Air de Fanfare le Trompette.;1
144;;Aïe !...     tu es pincé.;1548;;0
144;9;Air de MUSARD.;1728;Air de Musard;1
144;10;Air du Luth        galant.;1888;AIR du luth galant.;1
144;11;Air de Marie.;1987;AIR de Marie.;1
144;12;Air de Grisar.;2093;Air de Grisar;1
144;13;Air de MANGEANT.;2337;Air de Mangeant;1
144;14;Air de S.   MANGEANT.;2566;Air de Mangeant;1
144;15;Air des Trois paysans.;2837;Air des Trois paysans.;1
144;16;Air :=                                     A B LILLE,   LES FEMMES.;2879;;1
144;17;Air de Gil-Blas.;2939;Air de Gil-Blas.;1
144;18;Air de.Cotillon lil.;3096;Air de Colalto.;1
144;19;Air d'Arthus.;3293;Air d'Arthus.;1
144;20;Air de l'Etoile du Nord.;3461;Air de l'Etoile du Nord.;1
144;;âme! (Avec passion.) Mais tu ne lis donc pas dans mes regards?;3575;;0
18;;Aïe !;11424;;0
18;;Aïe !;11437;;0
19;;Aïe!;3700;;0
19;;Aïe!;5284;;0
19;;Aïe adoré quelqu'un sous le toit conjugal ?.…,;5853;;0
19;;Arr TTL TE CT;19097;;0
20;;Aïe !...;3089;;0
20;;Aïe!;4371;;0
23;;Aïe !;503;;0
23;1;Couplet sentimental ! (Chantant.);6732;Couplet sentimental;1
23;;Aïe !;10267;;0
24;;Aïe !;1305;;0
26;;Ant.. 5;1010;;0
26;;Alt Non!;3497;;0
26;;Ant,;5808;;0
29;;Ara li dich que està ocupat, pero no s'enten;1574;;0
29;;(Ara veurèm si es de fusta.);3388;;0
29;;Ara hem de fingir una sorpresa, un espant...);3731;;0
29;;(Ara va bona.);4425;;0
29;;Ara vesme a buscar la meva filla que’m dalei-;5059;;0
29;;(Ara estich en disposició de declararme ) Se-;5902;;0
29;;Ara que ho sé, no vuy torbar ni un minut més;6417;;0
30;;Aïe! trop tôt! (Haut.) Mon Dieu, madame!;1746;;0
30;1;Aus LES VACANCES DU MARIAGE;4496;Air : les vacances du mariage;1
31;;Aïe! Aïe!;2406;;0
31;;Aïe! Aïe!;2828;;0
31;;Alt ça fait du bien.;3943;;0
31;;Aïe!;4952;;0
31;;Air intelligent et épuisé par des excès précoces.;4993;;0
32;;âme! trouvèrent donc spirituel de cacher dans la;2284;;0
33;1;Air nouveau de M. Guyon.;669;Air nouveau de M. Guyon;1
33;;Aïe!;715;;0
33;;Aie pas peur! D'abord après demain, j ai rendez-;2874;;0
33;;Aïe!;7820;;0
33;;Aïe |;8497;;0
33;;Aïe!;8552;;0
33;2;Air nouveau de M. JEAN GUYONW.;9002;Air nouveau de M. Guyon;1
34;1;Chœur des promeneurs (1).;174;;1
34;;Aïe! non, je nerêve pas !...;3767;;0
34;2;(Air de la ronde des serruriers.);3796;AIR de la Ronde.;1
35;1;COUPLET.;903;COUPLET;1
35;2;DUO BOUFFE.=JU.;1749;DUO;1
35;3;CHŒUR=PETIT;4397;;1
35;4;COUPLET FINAL;5420;COUPLET FINAL;1
36;;Aïe! ça y estl... (Balbutiant.) Mais je...;1285;;0
36;;Aïe ! (Haut.) Je lai fait passer par la petite porte du;3189;;0
37;;Aïe!;1536;;0
37;;Aïe !;2529;;0
37;;Aïe! çà va se gâter! (Haut.) Mais, monsieur Bouli-;3638;;0
38;1;Air: de la Dame blanche (Voyez d'ici ce beau domaine).;2299;Air : La Dame blanche vous regarde.;1
38;2;Air : des Diamants de la Couronne.;2318;Air : des Diamants de la Couronne.;1
38;3;Air : des Dragons de Villars (Ne parle pas, Rose, je Pen supplie).;2333;Air : des Dragons de Villars;1
38;4;Air: d'Orphée aux enfers (finale),;2347;Air: d'Orphée aux enfers;1
38;5;Air: des Cent Vierges (0 Paris, gai séjour).;2355;Air: des Cent Vierges;1
38;6;Air de la Corde sensible.;2364;Air de la Corde sensible.;1
38;7;AIR : La digue, digue, don.;3590;Air de la Corde sensible.;1
38;8;Arr : de Guillaume Teil.;3673;Tyrolienne de Guillaume Tell.;1
39;;Aïe !;5586;;0
41;;Aïe! Tu es devenu amoureux          d'elle?...;1504;;0
41;;Aie!;8220;;0
43;;Aïe!;2294;;0
43;1;Air nouveau de M. Emile Jonat.;2924;AIR nouveau.;1
43;;Aïe!;3214;;0
44;1;Ain : Le joli réve,;353;Air : le joli rêve;1
44;2;Ain : Partons, partons. (Poudre de Perlimpinpin,;414;Air: Poudre de Perlimpinpin;1
44;3;Arn d'Adolphe Adam,;897;AIR d'Yelva d'Adam.;1
44;4;Ain : Une fille est un oiseau,;1025;AIR : Une fille est un oiseau.;1
44;5;Ain de Dohigny Dervel.;1225;;1
44;6;Ain du Petit Courrier,;1251;AIR du Petit Courrier.;1
44;7;Ain de Trip, rip! `;1279;Air de Trip, rip!;1
44;8;CHOEUR.=Ame |;1537;AIR;1
44;9;Aïn de Nargeot.;1842;Air de Nargeot;1
44;10;Ain : pleut, bergère,;1965;AIR : Il était un' bergère.;1
44;11;Ain : Quand le boute-selle. (Fils de famille,);2099;Air : Quand le boute-selle. (Fils de famille,);1
44;12;Aia : Mes chers amis, dans celte vie.;2125;Air : Mes chers amis, dans cette vie.;1
44;13;Ain : Bouton de rose.;2345;Air : Bouton de Rose;1
44;14;Ain: Ah! quel plaisir d'étre soldat.;2834;Air : Ah! quel plaisir d'étre soldat.;1
44;15;Ain:=Vive la bai;2848;Vive;1
44;16;‘Ain: Toi dent la prunelle,;3106;Air : Toi dont la prunelle;1
44;;Aie ! le père Ghiendent ! : e;3258;;0
44;17;Ain des hussards de la garde,;3350;AIR : Connaissez-vous les hussards de la garde.;1
44;18;Aïe de Fernand Cortes,;3575;AIR de Fernand Cortés.;1
44;19;CHOEUR,=Atn de Fernand Cortex.;3662;Air de Fernand Cortez.;1
44;20;Air anglais des 3 couplets des pailles du set acte,;3710;Air anglais;1
44;;Ate a;3869;;0
45;1;AIR de quadrille.;375;Air de Quadrille;1
45;2;AIR : Entrée de Marco. (Biche au bois);641;AIR : Entrée de Marco. (Biche au bois);1
45;3;AIR : de Strauss.;690;AIR : de Strauss.;1
45;4;AIR nouveau de M. Victor Robillard.;1064;AIR nouveau de M. Victor Robillard.;1
45;5;AIR de la Valse (scène vin);1375;AIR de Valse.;1
46;;âme  j'ai, pour sa mémoire , un culte , une adoration de;317;;0
46;;âme, appartiendrait à un autre ? Je sens , je sais;2248;;0
47;;Aie ! aie aie !;1291;;0
47;;Aïe ! … ah ! mais dites donc, impudent personnage…;5103;;0
49;;couplet pendant le déjeuner.;1040;;0
49;;Are you ready, Miss ?;2752;;0
52;;` Ait RS = | Re um Ve FRS r. r ee CPR .;719;;0
53;1;CHŒUR=     Chacun de nous s’empresse,;52;Chacun de nous s’empresse;1
53;2;CHŒUR=     Puisque aujourd’hui la caisse;1409;Puisque aujourd’hui la caisse;1
53;3;CHŒUR=     Garçons ! garçons ! l’heure s’avance :;2275;Garçons ! garçons ! l’heure s’avance;1
53;4;CHŒUR= Air du Champagne;2892;Air du Champagne;1
53;5;CHŒUR=     Sans retard et sans nul murmure,;4598;AIR : Sans murmurer.;1
54;1;Air : Je sais attacher.;452;AIR : Je sais attacher des rubans.;1
54;2;CHOEUR.=Air dé la Syrène.;777;Air de la Syrène;1
54;3;CHOEUR. ENSEMBLE.;1503;CHOEUR.;1
54;4;CHŒUR.=Air du Pré auz Clercs.;1778; Air du Pré auz Clercs.;1
54;5;} Air de la Sentinelle.;1880;AIR de la Sentinelle.;1
54;6;Air de Ténier,;2227;AIR de Téniers.;1
54;7;CHOEUR.=Air de Lorsque lo soir dans la plaine,;2536;AIR : Le soir, quand tout dort en ces lieux.;1
61;1;ALR : Vauderille de la Famille de T'Apothicaire.;172;AIR du Vaudeville de la Famille de l'Apothicaire.;1
61;2;AlB: Átrange aventure, ou Sedlérat atroce. (Emistenta décoias ous:;344;AIR : Quelle singulière aventure.;1
61;3;AIR: Vaudeville de Préville at Taconnet.;580;AIR : Vaudeville de Préville et Taconnet.;1
61;;Ane comprend pas! Colardeau, veux-tu que je te dise;974;;0
61;4;AIR: Quelle éfrange aventure (l'Enfant de quelqu'un).;1055;AIR : Quelle singulière aventure.;1
61;5;AIR : Quadrille de Paris la nuit,;1255;AIR : C'est à Paris.;1
61;6;AIR : Partie et Revanche.;1375;['AIR : de Partie et Revanche.'];1
61;7;ATR : Frère Jaequar.;1621;Air : Frère Jacques;1
70;1;AIR : Adieu, je vous fuis, bois charmant.;116;AIR : Adieu, je vous fuis, bois charmant.;1
70;2;AIR : Mon cœur à l'espoir s'abandonne.;299;AIR : Mon cœur à l'espoir s'abandonne.;1
70;;Aïe!::, si l'Algérie s'en mêle.;455;;0
70;3;AIR : De sommeiller encor, ma chère,;565;['AIR : De sommeiller encor, ma chère.'];1
70;4;AIR : Ces postillons:;933;['AIR : Ces postillons.'];1
70;5;AIR : Qu'il est flatteur d'épouser celle...;1057;["AIR : Qu'il est flatteur d'épouser celle."];1
70;6;AIR : O chance prospère. (Lully,);1377;AIR : O chance prospère. (Lully);1
70;;CHŒUR DES PLAIDEURS.;1452;;0
70;7;AIR : Du neveu du mercier,;1453;AIR : Du neveu du mercier;1
70;8;AIR : De la sentinelle.;1665;AIR : De la Sentinelle.;1
70;9;AıR: Patati, patata.;1768;['Air : Patati, patata.'];1
70;10;{ AIR : J'en gueite un petit.;1914;AIR : J'en guette un petit.;1
70;11;Arr: Je vais changer d'costume et d'emploi.;1973;["Air : Tu vas changer de costume et d'emploi."];1
70;12;Air : De Preéville et Taconnet.;2162;AIR : de Préville et Taconnet.;1
70;13;AIR : Je vous le dis en vérité.;2873;AIR : Je vous le dis en vérité.;1
70;14;Air: Du Philire.;3133;AIR du Philtre.;1
70;;CHOEUR.;3194;;0
70;15;AIR : par PAmitië.;3195;AIR : Par l'amitié.;1
70;16;Ain : l'Amour qu' Edmond,;3228;AIR : L'amour qu'Edmond.;1
70;17;Air : du Piege.;3299;AIR : du Piége.;1
70;18;AIR : final de Paris qui dort. `;3365;AIR : final de Paris qui dort.;1
70;19;AIR : |;3717;AIR :;1
70;20;AIR : Connaissez-vous le grand Eugène.;3940;AIR : Connaissez-vous le grand Eugène.;1
70;;CHŒUR,;4465;;0
70;21;AIR :=Dans le monde où nous sommes;4466;Air : Dans le monde où nous sommes;1
70;22;Air : Du Vaudeville de P Anonyme.;4473;AIR : Vaudeville de l'anonyme.;1
71;1;CHOEUR.=Ain des Marraines de l'an IIL (Polka d'Ettling},;131;Air des Marraines de l'an II;1
71;;CHOUR.;151;;0
71;2;Ain : De sommeiller encor,;387;AIR : De sommeiller encore.;1
71;3;| Âms Calife de Bagdad.;745;['AIR du Calife de Bagdad.'];1
71;4;Ain : Gontredanse de Musard,;980;Air : Contredanse de Musard;1
71;5;Ain: Du château perdu.;1222;AIR : Du château perdu.;1
71;6;Ain : Connaissez mieux le grand Eugène.;1297;Air : Connaissez mieux le grand Eugène.;1
71;7;Air précédent.;1315;Air : Connaissez mieux le grand Eugène.;1
71;8;AiR : Aux braves hussards du 59,;1692;['AIR : Au brave hussard du deuxième.'];1
71;9;ÀIR 1 Auz vacantes.;2254;Air : Aux vacantes;1
71;10;Ain + Valee d'EttHing.;2322;Air : Vallée d'Ettling;1
71;11;| #* Ain: Alon cœur à l'espoir s abandonne.;2385;AIR : À l'espoir mon cœur s'abandonne.;1
71;12;Awn-de Madame Favart,;2456;Air de Madame Favart;1
71;13;Ain de la Retraite,;2532;Air de la Retraite;1
71;14;Air : Vaudeville de la Haine d'une femme,;2632;AIR : Vaudeville de la Haine d'une femme.;1
71;15;Ain de Prévilleet Taconnet,;2730;AIR de Préville et Taconnet.;1
71;16;CHOEUR,=Air : Vivent les amours qui toujours,;2867;AIR : Vivent les amours.;1
71;17;Ain de Couder.;2975;Air de Couder;1
71;18;Ain de Couder.;3379;Air de Couder;1
71;19;Ain de Julie,;3424;AIR de Julie.;1
71;20;. Air du Piège,;3496;AIR du Piège.;1
71;21;Ain : Un jeune Grec.;3589;AIR : Un jeune Grec.;1
71;22;Air do. Haydée.;3666;AIR d'Haydn.;1
71;23;CHOEUR.=Aïn : Son de la trompelte : les Marraines de l'an IIT.;3704;Air des Marraines de l'an II;1
71;;CHOEUR,;3760;;0
71;24;CHOEUR FINAL. =` ==;4192;;1
73;1;. Air : En vérité, je vous le dis. (BéRAT. );305;Air : en vérité, je vous le dis;1
73;2;Air des Barbettes.;348;Air des Barbettes;1
73;3;Air : Des vingt sous de Périnette, -;609;Air des vingt sous de Périnette;1
73;4;Air : Scottich de Camille Michel.;687;Air : Scottich de Camille Michel.;1
73;5;Air : Je suis soldat. (BLANCHARD.);975;Air : Je suis sergent.;1
73;6;Air de Marianne. Z;1267;Air de Marianne.;1
73;7;Air de Strauss.;1573;Air de Strauss;1
73;8;Air : Je n'ai pas vu ces bosquets.;1985;AIR : Je n'ai pas vu ces bosquets.;1
73;9;Air : Monsieur va au cercle.;2142;Air : Monsieur va au cercle.;1
73;10;Air de Geneviève (Mademoiselle GARCIN).;2267;"Air de Geneviève (Mademoiselle GARCIN).;1
73;11;CHOEUR.=Air des Barbettes.;2654;Air des Barbettes.;1
73;12;* Air de la Vieille.;2690;AIR de la Vieille.;1
74;1;Air nouveau de Mangeant.;190;AIR nouveau.;1
74;2;Air nouveau de Mangeant,;289;AIR nouveau.;1
74;3;Air: de Mangeant.;554;Air nouveau;1
74;4;Air de scotish.;975;Air de Scotich de Camille Michel.;1
74;5;Air: Tu n'as pas vu ces bosquets de lauriers.;1112;AIR : Je n'ai pas vu ces bosquets de lauriers.;1
74;6;Air final de Mimi Bamboche, 4e acte.;1156;Air final de Mimi Bamboche, 4e acte.;1
74;7;Air de Mangeant.;1448;Air nouveau;1
74;8;Air de Mangeant.;1466;Air nouveau;1
74;9;Air chanté à la scène première.;1839;Air nouveau;1
74;10;Air de Mangeant.;2058;Air nouveau;1
74;11;Air de Mangeant.;2075;Air nouveau;1
74;12;Air chanté à la scêne première.;2439;Air nouveau;1
75;1;Air : Bénissons la vierge et les saints;124;Air : Bénissons la vierge et les saints;1
75;2;Air : Un homme pour faire un tableau .;180;AIR : Un homme pour faire un tableau.;1
75;3;AIR : Du ménage du garçon ,;201;AIR du Ménage de garçon.;1
75;4;AIR : de Lantara .;293;AIR de Lantara.;1
75;5;Air : Voulant par ses oeuvres complètes.;381;AIR : Voulant par ses œuvres complètes.;1
75;6;AIR : De Paris et le village.;413;AIR : de Paris et le village.;1
75;7;AIR : J'ai long- temps parcouru le monde ( de Joconde ).;505;Air : J'ai longtemps parcouru le monde;1
75;8;AIR :: Vaudeville des Landes ,;640;AIR : Vaudeville des habitans des Landes.;1
75;9;AIR :: du Piége.;736;AIR : du Piége.;1
75;10;AIR : Quand une Agnès.';826;AIR : Quand une Agnès.;1
75;11;AIR : Adieu , je vous fuis bois charma;982;AIR : Adieu, je vous fuis, bois charmant.;1
75;12;AIR : du Renegat.;1087;Air : du Renegat;1
75;13;AIR : Qu'il est flatteur d'épouser celle .;1178;AIR : Qu'il est flatteur d'épouser celle.;1
75;14;Air : de M. vuillaume.;1272;Air de M. Guillaume.;1
75;15;Air : Vaudeville de partie carrée.;1330;AIR : Vaudeville de Partie carrée.;1
75;16;Air : Vaudeville du Bouquet du Roi.;1372;Air : Vaudeville du Bouquet du Roi.;1
75;;Ait au moins plus d'un service ,;1375;;0
75;;Ait au moins plus d'un service ,;1390;;0
75;;Ait au moins plus d'un service ,;1402;;0
75;17;Air : Ces postillons.;1475;AIR : Ces Postillons.;1
75;18;AIR : On m'avait vante la guinguette.;1662;AIR : On m'avait vanté.;1
75;19;AIR : Vaudeville du Petit Courrier.;1814;AIR : Vaudeville du Petit Courrier.;1
75;20;AIR : de M. Jean . ( Jean de Paris. );1853;AIR : Cavatine de Jean de Paris.;1
75;21;AIR : Honneur à la musique.;1921;AIR : Honneur à la musique.;1
75;22;AIR :: de Marianne .;1929;AIR : de Marianne.;1
76;1;AIR : Quel bonheur ! quelle ivresse (du Maçon ) .                   J'ons vu glisser de belles dames;95;AIR : Quel bonheur ! Quelle ivresse !;1
76;2;AIR : Ah ! qu'il est doux de vendanger !;163;AIR : Ah ! qu'il est doux de vendanger.;1
76;3;AIR : de Céline.;348;AIR : de Céline.;1
76;4;AIR : Vaudeville des Blouses.                    Eh ! sans doute ! Fille d'un officier sans for .;390;AIR : Vaudeville des Blouses.;1
76;5;AIR : Sans murmurer.;453;AIR : Sans murmurer.;1
76;6;AIR : Ce bon Falbert ( du Charlatan) .                N'oubliez pas les égards qu'on lui doit .;508;AIR : Ce bon Falbert;1
76;7;AIR de Téniers.;677;AIR de Téniers.;1
76;8;AIR : Connaissez mieux le grand Eugène.                       Si je n'ai pu perdre aussi mon amour ?;686;Air : Connaissez mieux le grand Eugène.;1
76;9;AIR : De sommeiller encor, ma chère.;792;Air : De sommeiller encor, ma chère.;1
76;10;AIR : Qu'il est falleur dépouser celle.;834;AIR : Qu'il est flatteur dépouser celle.;1
76;11;AIR : Pauvre dame Marguerite ( de la Dame blanche ).;921;AIR : Pauvre dame Marguerite ( de la Dame blanche ).;1
76;12;AIR : Fragment de Leycester.                                       JEAN, désclé.;992;AIR : Fragment de Leycester.;1
76;13;AIR : L'amour qu'Edmond a su me taire.                  sieur l'intendant ?;1094;AIR : L'amour qu'Edmond.;1
76;14;AIR : Je viens de voir notre comtesse .                Oui, j'entends  elle avait été gâtée par son;1160;AIR : Je viens de voir notre comtesse.;1
76;15;AIR : Un payje aimait la jeune Adele .            pecte rien .;1362;AIR : Un page aimait la jeune Adelle.;1
76;16;AIR : Que d'établissements nouveaux.          la permission de madame. De plus, qu'on melte;1442;AIR : Que d'établissemens nouveaux.;1
76;17;AIR : Dis-moi, mon vieux .;1539;AIR : Dis-moi, mon vieux.;1
76;18;AIR final des Manteaux .                                           LE CHOEUR .;1676;AIR final des Manteaux;1
76;19;AIR : Vaudeville des frères de lait.;1684;AIR : Vaudeville des Frères de lait.;1
77;1;Air   :   Je suis prisonnière.;118;Air : Je suis prisonnière.;1
77;2;Air   :       Je suis jaloux (Brigiièrf'     .;404;Air : Je suis jaloux;1
77;3;Ain      :   Ce     n'est   pas           lui. (Visite â                Bedlam.);476;Air : Ce n'est pas lui. (Visite à Bedlam);1
77;4;Ain nouveau (arrangé par M. Guénbe.);578;Air nouveua;1
77;;Aut' rbose    En passant sur le pont;920;;0
77;5;Air       :   La bonne       affaire. (Domino.);985;Air : La bonne affaire;1
77;6;Air   :   Vaudeville du Savetier et                        le   Financier.;1044;Air : du Savetier et du Financier.;1
77;;Àme     JOBIN.;1130;;0
77;7;Ain          :   C'est le roi Dagobert.;1623;AIR : Ce bon roi Dagobert.;1
77;8;Air       :    Réveillons. (Domino roib.];1919;Air : Réveillon;1
77;9;Air de        la       Retraite.;2487;Air de la Retraite;1
77;10;Air    :   J'étouffe de colère. (Trois Dimanches.);2795;AIR : Ah ! j'étouffe de colère (du Dieu et la Bayadère.);1
77;11;Air du Chevalier du guet;3006;AIR du Chevalier errant.;1
78;1;Air: Du souper de Henri IV.;237;AIR d'Henri IV en famille.;1
78;2;Air : Il faut soir et matin, (Cerveau fêlé.);275;Air : Il faut soir et matin, (Cerveau fêlé.);1
78;3;Air ? Amis, jamais t chagrin n’ me gagne.;426;AIR : Ami ! jamais l'chagrin n'm'approche.;1
78;4;Air de madame Favart.;560;Air de Madame Favart;1
78;5;- Air de Mazaniello,;887;AIR de Mazaniello.;1
78;6;Air de l'Ermite de Saint-Avelle.;1365;Air de l'Hermite de Saint-Avelle.;1
78;;CHŒUR.;1465;;0
78;7;Air : Chasse de Rossini,;1466;Air de Rossini.;1
78;;CHŒUR.;1940;;0
78;8;Air : Galoubet et crincfin.;1942;Air : Galoubet et crincrin;1
78;9;Air nouveau de M. Z. Nargeot.;2228;AIR nouveau.;1
78;10;Air de Castibelza.;2386;Air de Castibelza.;1
81;1;Air :=Pour être aimé, (bis.);475;Air : Pour être aimé;1
81;2;Air:=Pour vous charmer, his.);488;Air : Pour vous charmer;1
81;3;CHŒUR.=Air nouveau (Mangeant).;688;AIR nouveau.;1
81;4;Air nouveau (Mangeant).;768;AIR nouveau.;1
81;;Aws voyez qiej suis esacte bätoh.?, ° *!;2576;;0
81;5;Ars 8;2729;AIR;1
81;6;Air nouvegy,(Mangeant).;2736;Air nouveau;1
82;1;CHOEUR *.=Finale du premier acte des Mousquetaires de la reine.;196;Final du premier acte des Mousquetaires de la reine;1
82;;CHŒUR.;217;;0
82;2;Air : Maman, les p'tits bateaux.;318;Air : Maman, les p'tits bateaux.;1
82;3;CHŒUR.=, Air : Expliquez-vous! eæpliquez-vous !;480;Air : Expliquez-vous! Expliquez-vous!;1
82;;CHŒUR.;485;;0
82;4;Air de la Ronde du pont de Nantes. (CROQUIGNOLE zxxvi.);568;AIR de la Ronde.;1
82;5;Air nouveau de J. NARGEOT.;640;AIR nouveau.;1
82;6;CHŒUR.=| Air de Toinette et son carabinier (Biscorin).;834;Air de Toinette et son carabinier;1
82;7;Air de Joconde.;1006;AIR de Joconde.;1
82;8;Air : C’est le premier jour du printemps (Suzanne Lacitn). |;1043;AIR : Vive le printemps.;1
82;9;Air de Faust.;1099;Air de Faust.;1
82;10;Air : Heureux habitants (KerrLy).;1229;Air : heureux habitans.;1
82;;. Aïe!...;1647;;0
82;11;Air er;2140;Air :;1
82;12;Air nouveau de M. DELIBES.;2337;AIR nouveau.;1
83;;Aïe, .;6241;;0
84;;Aïe !;2629;;0
84;1;Air de Renaudin de Caen;4623; Air de Renaudin de Caen;1
85;;couplets de la neige ... la neige tombe sur elle ndant;3253;;0
86;;Aïe !;4370;;0
88;;Aïe;748;;0
89;;âme!... l jette le papier sur le tapis.;3735;;0
90;;âme est ivre de joie, à la pensée des bonnes heures;9478;;0
91;1;Aïn: Je n'ai point vu ces bosquels.;365;AIR : Je n'ai pas vu ces bosquets.;1
91;2;Ain nouveau de M. Adolphe Vaillard,;480;Air nouveau M. Adolphe Vaillard;1
91;3;Ain des Hussards de Felsheim.;528;AIR des Hussards de Felsheim.;1
91;4;Ain: Vos maris en Palestine.;779;Air : Vos maris en Palestine.;1
91;5;| * Ain de Turenne.;807;AIR de Turenne.;1
91;6;Ain: Avez-vous vu dans Barcelone,;885;AIR : Barcelonne si belle.;1
91;7;Ain: A peine au sortir de l'enfance.;993;Air :  A peine au sortir de l'enfance.;1
91;8;couplet.;1259;;1
91;;CHOEUR.;1274;;0
91;9;Ain : Allons à Paris.;1275;Air :  Allons à Paris.;1
91;;CHOEUR.;1298;;0
91;10;Air du Pas redoublé,;1473;AIR du Pas redoublé.;1
91;11;Aın du Baiser au porteur.;1550;AIR du Baiser au porteur.;1
91;12;Ain de Gastilbelza,”;1624;Air de Castibelza;1
91;13;Ain du Charlatanisame.;2194;AIR du Charlatanisme.;1
92;1;Air : De sommeiller, encore ma chère.;309;Air : De sommeiller encor, ma chère.;1
92;2;Air: Des compliments de Normandie (Loïsa Puget).;370;Air: Des compliments de Normandie (Loïsa Puget).;1
92;3;Air : Du baiser au porteur,;471;AIR : Du baiser au porteur.;1
92;4;Air : De la meunière de Marly.;582;Air : De la meunière de Marly.;1
92;5;Air ` Un page aimait la jeune Adéle.;717;AIR : Un page aimait la jeune Adèle.;1
92;6;Air nouveau.;846;AIR nouveau.;1
92;7;Air : De l'âme en peine {(Flottow).;905;Air : De l'âme en peine;1
92;8;Air : Nouveau.;975;AIR nouveau.;1
92;9;Air : Nouveau.;1138;AIR nouveau.;1
92;10;Air : Nouveau.;1329;AIR nouveau.;1
92;11;Air : Soldat français.;1382;Air : Soldat français.;1
92;12;Air : Nouveau.;1425;AIR nouveau.;1
92;13;Air de la Feuille et du Serment.;1497;Air de la Feuille et du Serment.;1
92;;Ale,;1524;;0
92;14;Air : Dernière pensée de Weber.;1651;AIR des adieux de Weber.;1
92;15;Air de la Fille de Dominique,;1739;Air de la Fille de Dominique;1
92;16;Air : Nouveau.;1900;AIR nouveau.;1
92;;ALB&RT, Un orage passager, peut-être,;1959;;0
92;17;Air du Cháteau perdu.;1969;AIR du Château perdu.;1
92;18;Air de : M. Pantaion.;2294;Air : de M. Plantade.;1
93;1;Air de l’Apofhicaire.;172;AIR de l'Apothicaire.;1
93;;âme, le hasard a de singuliers rapprochements.;306;;0
93;2;Air de Fleurette.;358;Air de Fleurette.;1
93;3;Air de Fleurette.;420;Air de Fleurette.;1
93;4;Air de la Sirène.;537;Air de la Sirène;1
93;5;Air do Pourquoi: (Loïsa Puget.);560;Air de Pourquoi;1
93;6;Air de Paul Henrion.;883;Air de Paul Henrion;1
93;7;| Air de l'Eau merveilleuse.;939;Air de l'Eau merveilleuse.;1
93;8;Air: Vaudevüle final de la Petite Sœur: HORTENSE, quiftant son bras, et au public.;1097;AIR : De la Petite Sœur.;1
94;1;Air : Dr Mamanis Fuvımr. aiul » : inszib 9m;211;Air de Madame Favart;1
94;2;| Air: pe TÉNIERS: > ua;410;Air : de Teniers;1
94;3;Air : MADEMOISELLE DESGARCINS.;814;Air : Mademoiselle Desgarcins;1
94;;Art. I. M. de Surville ne me questionnera plus. co!;1161;;0
94;;Art. II. Il acceptera tout sans rien exiger. |;1162;;0
94;;Art. HI. H me laissera tou à fait libre. Oh ! je tiens à cela surtout.;1163;;0
95;1;Ain : Marthe la brune avait trois amoureux,;486;Air : Marthe la brune avait trois amoureux;1
95;2;Aun : Sans murmurer.;597;AIR : Sans murmurer.;1
95;3;Aur : Il pleut, il pleut, bergère. Les sauterelles;743;Air : Il pleut, il pleut, bergère.;1
95;4;Aır de Polka (de M, Fossey).;787;Air de Polka;1
95;5;Ain de Lantara.;1117;Air de Lantara.;1
95;6;Ain : C'en est trop, mon honneur. (Philippe.);1287;Air : C'en est trop, mon honneur.;1
95;7;Ain : Muse des jeux et des accords champétres.;1680;AIR : Muse des jeux et des accords champêtres.;1
95;8;Air : Amis, voici la riante semaine.;1864;AIR : Amis, voici la riante semaine.;1
95;9;Ain du chuweur des lPécheurs. (La Muette.);1926;Air du choeur des Pécheurs (La Muette);1
95;10;Air de Gastibelza.;1985;Air de Castibelza;1
95;11;CHOEUR.=Aun de la marche du Chalet.;2092;Air de la marche du Chalet;1
95;12;Ain de l'Andalouse.;2111;Air de l'Andalouse;1
96;1;Air nouveau de M. J. BOUCHER.;237;Air nouveau de M. J. BOUCHER.;1
96;2;Air nouveau de M. J. BoucHER.;486;Air nouveau de M. J. BOUCHER.;1
96;3;Air nouveau de M. J. BOUCHER.;661;Air nouveau de M. J. BOUCHER.;1
96;4;Air nouveau de M. J. BOUCHER.;808;Air nouveau de M. J. BOUCHER.;1
96;5;Air nouveau de M. J. BOUCHER.;1022;Air nouveau de M. J. BOUCHER.;1
96;6;Air nouveau de M. J, BOUCHER.;1196;Air nouveau de M. J. BOUCHER.;1
96;7;Air nouveau de M. J, Bouanra.;1230;Air nouveau de M. J. BOUCHER.;1
96;8;Air nouveau de M. J. Boucnen.;1580;Air nouveau de M. J. BOUCHER.;1
98;1;Air de Partie el revanche:;311;AIR de Partie et Revanche.;1
98;;AIR du Piano de Berthe.;615;;0
98;;‘Aïe! (Suzanne le fait asseoir.) .;726;;0
98;;Air : De l'heureuse bavarde,;878;;0
98;;Air Rien n'est plus beau que mon village:;1025;;0
98;;AIR nouveau (musique de M. Onay). `;1425;;0
98;;AIR nouveau (musique de M. Oray),;1541;;0
98;;AIR : `;1630;;0
98;2;COUPLET.=Ar de M! pe GARCIA,;1853;AIR : Accourez tous, venez m'entendre.;1
99;1;AIR : Jeanne, Jeannette.;221;Air : Jeanne, Jeannette.;1
99;2;Ain de l'Apothicaire.;507;AIR de l'Apothicaire.;1
99;3;Air : Reçois dans ton yaletas,;522;Air : reçois dans ton yaletas;1
99;4;Air de l'Ecu de France.;1124;Air de l'Écu de six francs.;1
99;;Ala veute Mathias.) Je voudrais bien faire un bout de;1694;;0
99;5;Aua : Allez-vous-en, gens de la noce.;1924;AIR : Allez-vous-en, gens de la noce.;1
99;6;Ain : C'est l'amour.;2033;AIR : C'est l'Amour.;1
